scan_idx,phant_id,birads,beamformer,use_bent_ray,use_cf,delay_model,breast_radius_mm,grid_radius_mm,tvsvd_removed,peak_x_mm,peak_y_mm,gt_x_mm,gt_y_mm,gt_r_mm,blob_area_px,blob_compactness,cf_at_peak,runtime_sec,localization_error_mm,iou,dice,scr_db,smr_db,cnr
227,A2F13,3.0,dmas,False,False,geometry_informed,48.5,72.75,1,0.18525118020463616,0.21730748730299007,7.5,-37.5,10.0,501,1.2144582711793876,,0.6406004000000394,38.42005770933276,0.0,0.0,2.7650487595177555,2.67632800093382,1.981477479684679
295,A15F14,3.0,dmas,False,False,geometry_informed,56.2,84.30000000000001,1,-1.2279368008023899,82.48238403350966,7.5,-7.5,5.0,1034,0.10546689730803634,,0.6489093000000139,90.40468083651872,0.0,0.0,7.618565683493825,6.933043021633356,4.459336517007556
501,A14F2,2.0,dmas,False,False,geometry_informed,45.4,68.1,1,-61.802360445026586,-3.303484748118519,-22.5,-10.0,15.0,1183,0.10241054027450142,,2.498778000001039,39.86877039826375,0.0,0.0,4.6737790602125155,4.181194660924405,4.495199389448689
414,A1F3,,dmas,False,False,geometry_informed,22.9,34.349999999999994,1,-30.184949109698607,7.42711327497341,-7.5,-10.0,10.0,267,0.16407750765484372,,0.616565599999376,28.60613908251811,0.0,0.0,2.619005297504149,2.4274259923234673,3.1316262017704273
309,A11F3,2.0,dmas,False,False,geometry_informed,33.1,49.650000000000006,1,-45.366746729601026,-7.684020088499392,-7.5,-7.5,5.0,392,0.1364547723221273,,0.5898070999992342,37.86719386588768,0.0,0.0,2.975084521169436,2.813918846136777,2.7045033310305944
345,A11F11,3.0,dmas,False,False,geometry_informed,33.1,49.650000000000006,1,2.0796745436410724,-48.06101725721452,-7.5,-22.5,10.0,419,0.12054003542539074,,5.9902687999983755,27.297175084350826,0.0,0.0,3.077633768449195,2.8974648154114884,2.4559333960298617
260,A14F14,4.0,dmas,False,False,geometry_informed,45.4,68.1,1,-3.9908235440415636,-65.29628335711863,-7.5,-37.5,5.0,917,0.13241438498554853,,0.6112214000004315,28.01691788666774,0.0,0.0,4.792658241243258,4.390519169281127,2.99285304234108
475,A3F11,2.0,dmas,False,False,geometry_informed,56.9,85.35,1,-1.4377371292928103,82.47439094140464,22.5,22.5,10.0,1397,0.1339643154074949,,0.5971953000007488,64.57509448435644,0.0,0.0,8.161687982212916,7.150999682216059,3.735454134650355
271,A16F14,3.0,dmas,False,False,geometry_informed,57.0,85.5,1,-0.8781474992405903,-82.25276331775395,22.5,-37.5,15.0,1381,0.13170136996129603,,0.6096772000000783,50.49106460623654,0.0,0.0,7.8404608370193,6.915953656433638,3.7197161586689553
246,A16F2,1.0,dmas,False,False,geometry_informed,57.0,85.5,1,-78.68552497140686,2.015814860231068,7.5,-52.5,10.0,1526,0.082541113089961,,0.5496246000002429,101.97999207919163,0.0,0.0,8.504828748589054,7.318886820377122,7.383000228388933
24,A11F4,4.0,dmas,False,False,geometry_informed,33.1,49.650000000000006,1,-2.3909778239272814,-0.20606905069364667,7.5,-37.5,10.0,184,0.8889704702199491,,0.535831800001688,38.58327005277095,0.0,0.0,2.0957318789312,2.047416537328031,1.95584937247674
185,A16F1,1.0,dmas,False,False,geometry_informed,57.0,85.5,1,0.11717319149259053,0.22254231237518868,25.0,7.5,10.0,624,0.17283641392492943,,0.60512000000017,25.925208974612808,0.07958477508650519,0.14743589743589744,2.2226448841803075,2.1618570857382533,0.9925598325597765
198,A3F1,,dmas,False,False,geometry_informed,56.9,85.35,1,2.7589065644103394,-0.961097318389136,30.0,7.5,15.0,476,0.13959701305596317,,0.61135860000104,28.524854765586063,0.06859205776173286,0.12837837837837837,1.9070377184001794,1.8686823959812646,0.7539743894919443
255,A3F2,1.0,dmas,False,False,geometry_informed,56.9,85.35,1,-78.88306560729308,1.946735416866417,-7.5,37.5,5.0,1475,0.09032448214347216,,0.6018366000007518,79.74695403595932,0.0,0.0,8.730492920580708,7.517032444339463,7.74541944112409
443,A2F14,4.0,dmas,False,False,geometry_informed,48.5,72.75,1,-0.9559353635344497,70.99397089893155,-22.5,22.5,10.0,858,0.11743887840103008,,0.6299539000010554,53.06422462079914,0.0,0.0,5.160513194111234,4.7839292316158195,3.2849548756616764
407,A1F3,,dmas,False,False,geometry_informed,22.9,34.349999999999994,1,-27.4823491296974,0.36709968766346823,7.5,-25.0,5.0,319,0.1454736618515233,,0.6289892999993754,43.21174027039291,0.0,0.0,2.3584896681512237,2.1592047836701367,2.559833557706042
33,A11F11,3.0,dmas,False,False,geometry_informed,33.1,49.650000000000006,1,1.4916637846625378,49.15931629595723,-22.5,-22.5,5.0,334,0.09608680628181507,,0.6382396999997582,75.56889269507879,0.0,0.0,3.6305838315640515,3.448592247202984,2.8616726283671
180,A1F1,,dmas,False,False,geometry_informed,22.9,34.349999999999994,1,-0.7743105826444286,-0.033159263940495044,0.0,-25.0,15.0,182,1.296530301481502,,0.5937859999994544,24.978844913609507,0.0,0.0,1.521479899538882,1.4543258562086891,2.087210759529553
418,A1F3,,dmas,False,False,geometry_informed,22.9,34.349999999999994,1,-27.432451454035377,0.23401704557396227,-2.5,-30.0,10.0,323,0.14729778300326654,,0.6085999000006268,39.188300833538165,0.0,0.0,2.349306762532367,2.148573856333388,2.5689451870859648
215,A14F13,3.0,dmas,False,False,geometry_informed,45.4,68.1,1,2.109216299475667,-0.2186614980097282,-7.5,-52.5,5.0,382,0.49982856879271176,,0.6336721999996371,53.15708225109613,0.0,0.0,2.4155348636378284,2.3511982707349213,1.687011224780044
344,A11F11,3.0,dmas,False,False,geometry_informed,33.1,49.650000000000006,1,-2.8911884428671173,48.57441105421428,-7.5,-37.5,10.0,433,0.1282222282028825,,0.611200800000006,86.19771100382542,0.0,0.0,3.2208887241789705,3.0228128021695615,2.687919281349093
39,A1F11,,dmas,False,False,geometry_informed,22.9,34.349999999999994,1,5.688364881928119,-33.52534722550875,-22.5,-22.5,5.0,166,0.11617384283713648,,5.672813200000746,30.2678409563641,0.0,0.0,2.2201704785538015,2.123083211313898,2.361057600966447
67,A13F12,3.0,dmas,False,False,geometry_informed,43.8,65.69999999999999,1,5.5102158911357835,57.63350463709669,-22.5,22.5,5.0,688,0.11515881217271978,,0.6266450000002806,44.93256438656635,0.0,0.0,3.082967812994033,2.9117710727076593,1.9231402306730305
301,A11F3,2.0,dmas,False,False,geometry_informed,33.1,49.650000000000006,1,-44.874196804026354,1.2278822630410096,-7.5,7.5,10.0,471,0.12340778047503535,,0.5630911000007472,37.89683426953192,0.0,0.0,3.2621478998238684,3.0432898923669343,3.307570080646296
71,A13F4,3.0,dmas,False,False,geometry_informed,43.8,65.69999999999999,1,-0.12585981341850402,0.24158698728209052,-7.5,-37.5,15.0,486,0.6767042790668762,,0.5775279000008595,38.45523802825743,0.0,0.0,2.1979276268913885,2.1200223954617488,1.5709417804195298
118,A14F3,2.0,dmas,False,False,geometry_informed,45.4,68.1,1,-62.06412190446114,-22.24321774183948,7.5,-37.5,10.0,566,0.15104516485224345,,0.5735822999995435,71.21752917092569,0.0,0.0,3.6219897068413713,3.4570422423061,2.438194447606701
269,A14F14,4.0,dmas,False,False,geometry_informed,45.4,68.1,1,-1.6673525652850605,-65.5239071774219,0.0,22.5,10.0,875,0.13074404622549674,,0.5733694999998988,88.03969729250748,0.0,0.0,4.8771698853149825,4.4818518983346,3.0340383475615615
372,A15F5,4.0,dmas,False,False,geometry_informed,56.2,84.30000000000001,1,-79.79375728420341,1.9897587038213547,7.5,22.5,15.0,1261,0.09426646843966043,,0.5324927999990905,89.67089861722636,0.0,0.0,10.399235390423115,8.831590262525035,10.546011022244155
216,A14F13,3.0,dmas,False,False,geometry_informed,45.4,68.1,1,0.1873809353057869,0.5187397565615588,7.5,0.0,15.0,463,1.2582676458581956,,0.5434767999995529,7.330995056632273,0.46925972396486826,0.6387702818104184,2.560222484262905,2.4762423720497844,1.8868719045218556
159,A12F1,1.0,dmas,False,False,geometry_informed,39.0,58.5,1,-0.5414100453278294,-0.30422600187802046,7.5,-22.5,10.0,379,0.6591909291130971,,0.589745799999946,23.60755512315511,0.0,0.0,2.034082209012805,1.9640330442375806,1.6652161768355955
449,A12F13,4.0,dmas,False,False,geometry_informed,39.0,58.5,1,-1.577878251310554,2.499405778197569,-15.0,-37.5,15.0,331,0.575705006692441,,0.5925373999998556,42.19130022700826,0.0,0.0,2.0594141012999,1.9972232425640677,1.7704075571750364
221,A15F2,1.0,dmas,False,False,geometry_informed,56.2,84.30000000000001,1,-78.56984954285929,66.88385118482972,7.5,22.5,10.0,711,0.08780072431294278,,2.764134600000034,96.83979164748108,0.0,0.0,7.412234206536155,6.95518046478539,3.5609763788459188
398,A2F5,4.0,dmas,False,False,geometry_informed,48.5,72.75,1,-69.4264025361466,1.5670381452186308,-17.5,-10.0,10.0,983,0.11007121687605317,,0.5881339999996271,53.1991320586988,0.0,0.0,7.377761169245734,6.574308297522357,6.797076302181293
488,A3F4,,dmas,False,False,geometry_informed,56.9,85.35,1,-0.009918600287039404,-0.06624341264954843,-22.5,-37.5,15.0,383,0.5446944256789908,,3.0194121999993513,43.670240365799664,0.0,0.0,3.3284608149146884,3.264167302140353,1.522672359860244
170,A1F1,,dmas,False,False,geometry_informed,22.9,34.349999999999994,1,-0.11126965971468131,-0.4481214375502708,-7.5,30.0,5.0,177,1.323169303237105,,0.6114032999994379,31.331795912734737,0.0,0.0,1.6658984666489332,1.593164349367178,2.265692050812559
352,A16F5,4.0,dmas,False,False,geometry_informed,57.0,85.5,1,-79.42997831395694,0.49198136732715025,-7.5,37.5,10.0,1768,0.11169208734434143,,0.7874067000011564,80.89199727638437,0.0,0.0,10.821333141385836,8.614307849651398,9.466693998887903
434,A2F12,3.0,dmas,False,False,geometry_informed,48.5,72.75,1,1.0139109811112756,70.89799338502996,22.5,-22.5,15.0,912,0.12483013648221378,,0.52172100000098,95.83755625889943,0.0,0.0,5.638449387587917,5.175863778981946,3.6162997927361547
340,A11F11,3.0,dmas,False,False,geometry_informed,33.1,49.650000000000006,1,3.7849732459277408,-47.97731927447327,-7.5,-22.5,15.0,403,0.1193384710525673,,0.5086819999996806,27.86475226114081,0.0,0.0,3.1119400495641485,2.9358606813649173,2.513613049304466
19,A13F14,4.0,dmas,False,False,geometry_informed,43.8,65.69999999999999,1,-3.6992504950898204,63.928348353188426,22.5,-22.5,15.0,785,0.1304410040631002,,0.5252710999993724,90.31201539974928,0.0,0.0,4.576356026644654,4.230414770030625,3.206061882248815
253,A3F2,1.0,dmas,False,False,geometry_informed,56.9,85.35,1,-79.526383516198,0.8983484777673044,22.5,-37.5,15.0,1349,0.09655922419427164,,0.5361736999984714,109.01291712092825,0.0,0.0,9.11068647290078,7.8853935918432105,8.768337663268335
239,A2F2,2.0,dmas,False,False,geometry_informed,48.5,72.75,1,-69.7060734934449,-49.29025309619424,-22.5,22.5,10.0,429,0.18012539655718818,,0.5284051999988151,85.92004314642858,0.0,0.0,5.401325550660268,5.193548794527814,3.658200879302246
441,A2F14,4.0,dmas,False,False,geometry_informed,48.5,72.75,1,1.278164852102423,71.3229145808474,-37.5,-10.0,15.0,777,0.10565345792240603,,0.5351179000008415,90.0952967985601,0.0,0.0,4.520085943336536,4.243109497856238,3.0845337125457366
423,A1F4,,dmas,False,False,geometry_informed,22.9,34.349999999999994,1,0.13059262806576064,0.08972818077971141,7.5,7.5,5.0,162,1.3384300062631072,,0.5350994000000355,10.450851326482885,0.03879310344827586,0.07468879668049792,1.7871245525786925,1.7146374974848955,2.471037231843518
472,A3F14,2.0,dmas,False,False,geometry_informed,56.9,85.35,1,-0.44833706829363396,82.41821260186474,22.5,-37.5,10.0,1412,0.1346577367019189,,4.876780499998858,122.0942418291135,0.0,0.0,8.036707083922787,7.046900250036137,3.75689954944346
123,A14F1,1.0,dmas,False,False,geometry_informed,45.4,68.1,1,0.8614429786336923,-0.07313999981491116,-7.5,-37.5,5.0,410,0.7852784563156928,,3.3240734999999404,38.34949254108061,0.0,0.0,2.4542734463276266,2.383820596219096,1.8264622452944308
162,A12F1,1.0,dmas,False,False,geometry_informed,39.0,58.5,1,-0.3476129511777747,1.9833914725559567,-7.5,7.5,10.0,370,0.4743961970526368,,0.5513983000000735,9.032696725852597,0.26286764705882354,0.4163027656477438,1.9479541952326493,1.8831201902249979,1.586825485915179
247,A16F2,1.0,dmas,False,False,geometry_informed,57.0,85.5,1,-79.37840895648554,1.073795748860933,-7.5,-52.5,5.0,1408,0.10175140362540307,,0.5481996999988041,89.64740523326066,0.0,0.0,8.863454431944058,7.661821486946011,8.09036495153399
446,A12F13,4.0,dmas,False,False,geometry_informed,39.0,58.5,1,-0.8299092475756406,1.4282446425334026,-22.5,-22.5,10.0,337,1.10168233533794,,0.5811684000000241,32.282405810150465,0.0,0.0,2.222434766827161,2.152762997646801,1.951837222469847
351,A16F5,4.0,dmas,False,False,geometry_informed,57.0,85.5,1,-77.81098453557634,1.4579970014292694,-7.5,37.5,15.0,1820,0.12782050152928645,,0.5913048000002163,79.01050896248572,0.0,0.0,10.483802403638569,8.372133696809131,8.25701339845126
495,A3F3,2.0,dmas,False,False,geometry_informed,56.9,85.35,1,-79.9327763781431,4.385856605795645,-22.5,-7.5,5.0,1377,0.08249219282609305,,2.5652197999988857,58.6497859310273,0.0,0.0,9.422813290980681,8.08428489623953,9.40253423167793
447,A12F13,4.0,dmas,False,False,geometry_informed,39.0,58.5,1,1.0053213969585848,0.824932526037227,22.5,-22.5,10.0,428,0.5716236181258079,,0.6368499000000156,31.718664624984385,0.0,0.0,1.8541994845110228,1.7836800288559675,1.6089677083976828
166,A1F1,,dmas,False,False,geometry_informed,22.9,34.349999999999994,1,1.4018189339278522,0.6781178792768081,0.0,-7.5,10.0,199,0.8575815336959792,,0.5768279000003531,8.297391660688653,0.23261390887290168,0.377431906614786,1.7712369913993538,1.6833149466289907,1.777819192053247
78,A14F12,3.0,dmas,False,False,geometry_informed,45.4,68.1,1,4.354032519001182,65.590844037598,-27.5,-22.5,15.0,1019,0.1598862722225524,,5.67276689999926,93.673241595335,0.0,0.0,4.110527985527154,3.7587849785341247,2.6398727458149525
444,A2F14,4.0,dmas,False,False,geometry_informed,48.5,72.75,1,2.234549693407583,71.31705554982268,-22.5,22.5,5.0,777,0.1063519912792545,,0.5439315999992687,54.72570567009733,0.0,0.0,4.7420647360659,4.443387801550602,3.2066356333692974
114,A13F1,1.0,dmas,False,False,geometry_informed,43.8,65.69999999999999,1,1.161642962655946,0.8534492984245778,-7.5,-37.5,10.0,405,1.1006444850379464,,0.5598125999986223,39.31934806045685,0.0,0.0,2.1993383733295575,2.134267894631103,1.5260790903237478
347,A16F5,4.0,dmas,False,False,geometry_informed,57.0,85.5,1,-78.88043794947812,0.6972111444507777,7.5,-52.5,15.0,1754,0.12145635818282301,,0.6122847999995429,101.44714551869322,0.0,0.0,11.031967921345576,8.746354062225283,9.698362338256116
426,A1F4,,dmas,False,False,geometry_informed,22.9,34.349999999999994,1,0.404701884346567,0.6047453287025534,-12.5,0.0,10.0,186,1.3904490983169577,,0.5801847000002454,12.918864022678054,0.08207343412526998,0.15169660678642716,1.6006685600297392,1.5278135818116119,2.2286138385320973
377,A3F5,4.0,dmas,False,False,geometry_informed,56.9,85.35,1,-80.39209845359441,-1.7765101814695714,-22.5,-37.5,10.0,1390,0.09808435993103956,,0.6022275000013906,68.02692693467283,0.0,0.0,10.755356066647854,8.95949257235773,11.10874417921521
319,A2F3,,dmas,False,False,geometry_informed,48.5,72.75,1,-69.09899859296205,1.2804388978705812,37.5,7.5,10.0,901,0.08640075030934354,,0.5863015999984782,106.78028582713873,0.0,0.0,6.646437738131125,6.035915303952865,6.570040478917198
63,A13F12,3.0,dmas,False,False,geometry_informed,43.8,65.69999999999999,1,-5.180337006372966,-63.73530991230311,-7.5,37.5,10.0,569,0.09318855816666931,,0.5786303000004409,101.26188231236895,0.0,0.0,4.092611310068737,3.8791708910594638,2.889221940109395
182,A1F1,,dmas,False,False,geometry_informed,22.9,34.349999999999994,1,0.24417484112823779,0.08704567840596868,7.5,-22.5,5.0,124,1.2720244540249284,,0.5817518000003474,23.723862063637828,0.0,0.0,1.9383700147288372,1.8769787730091603,2.4724099766216927
125,A14F1,1.0,dmas,False,False,geometry_informed,45.4,68.1,1,0.5217147478621582,-0.3486725687710247,22.5,7.5,15.0,403,0.7531599282550188,,0.5856320999992022,23.337666629637987,0.03151065801668211,0.061096136567834684,2.4601406198702693,2.390665924051193,1.8182759015662764
433,A16F4,2.0,dmas,False,False,geometry_informed,57.0,85.5,1,1.5063837040834895,-0.7942822235668955,37.5,-7.5,10.0,426,0.5931605409104718,,0.5966107000003831,36.61293575984911,0.0,0.0,3.1851105040429633,3.1179582356086866,1.261454596343848
129,A14F1,1.0,dmas,False,False,geometry_informed,45.4,68.1,1,-0.10224783032682289,-0.6903197037704161,7.5,-22.5,10.0,392,0.6508148078780281,,0.5871021000002656,23.096673498524712,0.0,0.0,2.4805226174848554,2.41220009512484,1.8035129825812646
391,A3F5,4.0,dmas,False,False,geometry_informed,56.9,85.35,1,-79.67103118413925,-0.3136102370082395,17.5,7.5,15.0,1595,0.08772325908992701,,0.6358732999997301,97.48467472544002,0.0,0.0,9.847248057168574,8.184145616108943,8.289147427038298
91,A11F1,1.0,dmas,False,False,geometry_informed,33.1,49.650000000000006,1,-0.20819867607391218,-0.3882370472461369,-7.5,-22.5,10.0,178,1.3306448360237555,,0.5797020999998495,23.283050217408984,0.0,0.0,2.1883579199230483,2.1389919451051234,2.2387045322481525
366,A15F5,4.0,dmas,False,False,geometry_informed,56.2,84.30000000000001,1,-79.79304268984905,4.133988534045731,37.5,-22.5,10.0,1162,0.09172129982779856,,0.5860513999996328,120.27895580139707,0.0,0.0,10.291293738104946,8.861889734233232,11.191218219162915
230,A2F13,3.0,dmas,False,False,geometry_informed,48.5,72.75,1,0.15339472526568226,0.29154399392324853,15.0,7.5,15.0,502,1.1837714483783646,,0.585443200001464,16.504045751733507,0.17151162790697674,0.29280397022332505,2.7602921993904794,2.671600680147352,1.9639589331264973
428,A1F4,,dmas,False,False,geometry_informed,22.9,34.349999999999994,1,0.1674095244878795,-0.2880282545945251,-20.0,17.5,5.0,165,1.3632157471198312,,0.5445153000000573,26.891231956060654,0.0,0.0,2.0790570287101655,1.990178926282205,2.4770121747001554
486,A16F11,2.0,dmas,False,False,geometry_informed,57.0,85.5,1,-7.3407856243896985,-82.85200601023928,7.5,-22.5,10.0,1206,0.11891064630493109,,6.241831200000888,62.14992797589591,0.0,0.0,8.072243251691804,7.205938062828786,3.8961070183708912
110,A13F1,1.0,dmas,False,False,geometry_informed,43.8,65.69999999999999,1,1.224246314424021,0.8938885840337344,22.5,-22.5,5.0,381,1.1332040719694305,,0.5775924999998097,31.62169694958643,0.0,0.0,2.2480357878210366,2.1850688876458255,1.5776072781180204
85,A13F2,2.0,dmas,False,False,geometry_informed,43.8,65.69999999999999,1,-58.48127989844317,-6.899332337227072,-22.5,10.0,15.0,657,0.09359708752660133,,2.420087299999068,39.75223184393751,0.0,0.0,3.9575694438351814,3.724028137393267,3.093825953106462
353,A16F5,4.0,dmas,False,False,geometry_informed,57.0,85.5,1,-77.79285928473003,-0.47721839392090515,22.5,-52.5,10.0,1810,0.13080258562640593,,0.5409555999995064,112.98242088723563,0.0,0.0,10.596031873833905,8.445907198399528,8.52574630426009
379,A3F5,4.0,dmas,False,False,geometry_informed,56.9,85.35,1,-80.35093056791347,0.7073509353495849,22.5,-37.5,15.0,1439,0.09172858997881081,,0.6143746000016108,109.71834661615493,0.0,0.0,11.438349363398114,9.31980793187469,10.847128282096362
79,A14F12,3.0,dmas,False,False,geometry_informed,45.4,68.1,1,4.084543089694786,65.66738939822731,22.5,-22.5,10.0,1006,0.1578465062373775,,0.5938325999995868,90.07007053685456,0.0,0.0,4.1452856151418995,3.793472757443674,2.6765654408540143
462,A12F13,4.0,dmas,False,False,geometry_informed,39.0,58.5,1,-0.4465272474074108,-0.4951297708181365,22.5,-10.0,5.0,430,0.5742947565282649,,0.6010194000009506,24.837183229778663,0.0,0.0,1.9241104796399715,1.8499838074939383,1.5981906319233008
431,A2F4,2.0,dmas,False,False,geometry_informed,48.5,72.75,1,0.5769588761378798,-0.30473939437128555,37.5,-7.5,5.0,438,0.3579650318086185,,0.5893753000000288,37.61758552880987,0.0,0.0,2.437875305282538,2.372088573727015,1.6035749703486601
167,A1F1,,dmas,False,False,geometry_informed,22.9,34.349999999999994,1,-0.05178484875272863,-0.4878076980923931,0.0,0.0,5.0,176,1.3156937704504545,,0.5774337999991985,0.4905486936875302,0.4602272727272727,0.6303501945525292,1.6906989434006838,1.6170831812405049,2.2705456695534654
113,A13F1,1.0,dmas,False,False,geometry_informed,43.8,65.69999999999999,1,1.0580881495802117,1.0103173338711107,-7.5,22.5,5.0,397,1.1113497736468236,,0.5833302000010008,23.131090200570004,0.0,0.0,2.217517599953714,2.153054583360983,1.5361625888408634
318,A2F3,,dmas,False,False,geometry_informed,48.5,72.75,1,-69.80143958058686,-1.3736219066837763,22.5,22.5,15.0,828,0.09790502906290596,,0.6055797999997594,95.33889852306885,0.0,0.0,6.707725314830839,6.134010578791723,6.411529440367671
350,A16F5,4.0,dmas,False,False,geometry_informed,57.0,85.5,1,-77.69473286014481,0.8781236398807637,22.5,37.5,5.0,1826,0.12885038937703472,,0.5880427000010968,106.67776863551113,0.0,0.0,10.557997990107458,8.409224703081279,8.529787808142771
223,A15F2,1.0,dmas,False,False,geometry_informed,56.2,84.30000000000001,1,-78.74337358853865,-47.23208566610052,7.5,-22.5,15.0,752,0.0661369411690469,,0.6360499999991589,89.7195382808426,0.0,0.0,6.945767432094232,6.520903951777953,3.1010963799601536
332,A13F3,2.0,dmas,False,False,geometry_informed,43.8,65.69999999999999,1,-62.205961673891665,0.40098051284701325,-22.5,-22.5,15.0,433,0.17173458136654216,,0.566646999999648,45.83686617667434,0.0,0.0,2.8383004039564512,2.7413381951415854,1.5568200901841378
7,A1F11,,dmas,False,False,geometry_informed,22.9,34.349999999999994,1,-1.7505619347875023,33.59031341375299,-20.0,-12.5,5.0,208,0.12605155708847937,,0.565152000001035,49.57175587241192,0.0,0.0,2.0870061523747077,1.9747303421025795,2.4437253027682035
218,A14F13,3.0,dmas,False,False,geometry_informed,45.4,68.1,1,2.4552098509557334,-1.1414048694408623,22.5,20.0,5.0,346,0.502712941677451,,0.5599799999999959,29.133359091818438,0.0,0.0,2.4664372711236857,2.4065228337937796,1.7242370142283845
430,A2F4,2.0,dmas,False,False,geometry_informed,48.5,72.75,1,0.5874963059789305,-0.15061634136861637,37.5,7.5,10.0,446,0.3530235131018009,,2.9236921000010625,37.69701393166222,0.0,0.0,2.4638565372166386,2.3959491092380967,1.6139505079485545
300,A11F3,2.0,dmas,False,False,geometry_informed,33.1,49.650000000000006,1,-45.02692089047725,-9.434731424198223,-7.5,-37.5,10.0,401,0.14257341037681157,,0.5677568000010069,46.86074147676309,0.0,0.0,2.920778321474863,2.760035620222215,2.6413244394163584
302,A11F3,2.0,dmas,False,False,geometry_informed,33.1,49.650000000000006,1,-45.1669543590185,7.766011720943237,7.5,-37.5,5.0,387,0.14057074308466297,,0.5740470000000641,69.44652546078535,0.0,0.0,2.9794902906408005,2.820023286671478,2.697409888873353
42,A3F12,2.0,dmas,False,False,geometry_informed,56.9,85.35,1,2.791387495551951,-82.36263185953119,7.5,37.5,5.0,1316,0.12689699840007881,,0.5804408000003605,119.95508137636583,0.0,0.0,8.158662201540656,7.201279776515095,4.1436422047343315
267,A14F14,4.0,dmas,False,False,geometry_informed,45.4,68.1,1,-3.658483593156139,-65.330077484133,7.5,15.0,5.0,910,0.1322990103552553,,0.5765074999999342,81.1013754797386,0.0,0.0,4.831189800547736,4.426900660621019,3.021439999275345
249,A3F2,1.0,dmas,False,False,geometry_informed,56.9,85.35,1,-79.43625703928119,1.0748301588697529,-22.5,-7.5,15.0,1377,0.09903557803148154,,0.5679086000000098,57.57833861702297,0.0,0.0,9.083058557437582,7.843506983541496,8.777368435574596
502,A14F2,2.0,dmas,False,False,geometry_informed,45.4,68.1,1,-61.656818792150275,1.6247650750731304,7.5,22.5,10.0,1206,0.09615594896812468,,0.534960000000865,72.23877780403816,0.0,0.0,4.582546889070226,4.0958856010206315,4.352984843202892
234,A15F13,2.0,dmas,False,False,geometry_informed,56.2,84.30000000000001,1,5.5435611552145385,-4.100942789997337,7.5,-22.5,10.0,491,0.3886424774282158,,0.5499558000010438,18.5027824710322,0.08636977058029689,0.15900621118012423,2.6357869245309122,2.5746270265216697,1.3702161831211304
26,A14F4,2.0,dmas,False,False,geometry_informed,45.4,68.1,1,2.5035681330788857,0.9014845440436233,22.5,-22.5,15.0,356,0.49569284639466654,,0.5537205999989965,30.78127298006908,0.0,0.0,2.543011524297868,2.47886600971409,1.7642449041405268
161,A12F1,1.0,dmas,False,False,geometry_informed,39.0,58.5,1,0.03992754365542767,2.2319618615858348,-7.5,7.5,15.0,365,0.44963486660534246,,0.5352511999990384,9.197974406974613,0.3097560975609756,0.4729981378026071,1.9717103572576922,1.9067825836989747,1.613734631362509
401,A1F3,,dmas,False,False,geometry_informed,22.9,34.349999999999994,1,-25.085101470164947,-4.300675647626641,-7.5,-22.5,15.0,212,0.13788471457192406,,0.5305595999998332,25.307137345003827,0.04107981220657277,0.07891770011273957,2.12198767136547,2.005188310511417,2.2166993820856744
228,A2F13,3.0,dmas,False,False,geometry_informed,48.5,72.75,1,0.28430777160185655,-0.5948795955724446,-32.5,22.5,10.0,494,1.1649065647388686,,0.5467349999998987,40.102173252793946,0.0,0.0,2.7788006336056403,2.690723815544675,1.988732979884806
348,A16F5,4.0,dmas,False,False,geometry_informed,57.0,85.5,1,-78.9208828609748,0.3799408425460314,-7.5,-52.5,10.0,1726,0.11785175955566386,,0.5526370000006864,88.86636400884336,0.0,0.0,11.027444371140298,8.772282878086669,9.875934980950714
147,A12F1,1.0,dmas,False,False,geometry_informed,39.0,58.5,1,0.6263824204629692,-1.0508669811734803,-22.5,-7.5,10.0,402,0.5481424682044691,,0.5362465999987762,24.008766743671305,0.0,0.0,1.9950451146213968,1.922543306233678,1.6232079534008852
52,A16F12,2.0,dmas,False,False,geometry_informed,57.0,85.5,1,-3.6895527564759463,-82.51001992792276,7.5,-37.5,10.0,1321,0.12737912985296665,,5.741541299999881,46.38003864597314,0.0,0.0,8.297727226811395,7.304106377521331,4.196559493273338
4,A1F11,,dmas,False,False,geometry_informed,22.9,34.349999999999994,1,2.5691198708607845,-33.28094327444679,10.0,-17.5,15.0,213,0.130893292623527,,0.5598504999998113,17.442939836075325,0.007658643326039387,0.01520086862106406,2.151785141211055,2.032380566155108,2.4359759346066414
17,A13F14,4.0,dmas,False,False,geometry_informed,43.8,65.69999999999999,1,-2.0855946718628218,63.02414885927199,-37.5,-7.5,5.0,989,0.13536952300538313,,0.5724525000005087,78.91663751751177,0.0,0.0,4.67789549741686,4.231497333131279,3.024296988439585
32,A11F11,3.0,dmas,False,False,geometry_informed,33.1,49.650000000000006,1,2.728744801500354,-47.85074704896509,-7.5,-37.5,10.0,375,0.11213299179975467,,0.5400333000015962,14.552153953483314,0.0,0.0,2.9837833993589986,2.8288715584466715,2.4123647156203987
277,A16F14,3.0,dmas,False,False,geometry_informed,57.0,85.5,1,4.394660887944188,82.99290013077682,22.5,37.5,10.0,1168,0.11516387635502447,,0.5491067000002658,48.96332573132028,0.0,0.0,7.821499199832839,7.031152231465692,3.812953617772749
327,A12F3,2.0,dmas,False,False,geometry_informed,39.0,58.5,1,17.774579811092057,-2.9904153413317522,7.5,-37.5,10.0,330,0.7999425738307343,,0.5348591999991186,36.00664415921444,0.0,0.0,1.8998284029099632,1.8437101517657914,1.305666100112429
305,A11F3,2.0,dmas,False,False,geometry_informed,33.1,49.650000000000006,1,-45.640091195343146,2.23572269780898,-7.5,-37.5,10.0,489,0.12246801718793118,,0.5320186999997532,55.07807381078484,0.0,0.0,3.1140155728284986,2.901073719637339,3.196909347179039
334,A13F3,2.0,dmas,False,False,geometry_informed,43.8,65.69999999999999,1,-58.75699824962733,-13.545867209584625,22.5,-22.5,10.0,665,0.14152037220865468,,0.6031344000002719,81.74886090073873,0.0,0.0,3.2901739134969796,3.1090013534028578,2.251101818013566
89,A11F1,1.0,dmas,False,False,geometry_informed,33.1,49.650000000000006,1,3.825400463887003,-45.34594940567368,22.5,-22.5,15.0,227,0.11721589946825822,,0.5988159999997151,29.507254566983917,0.0,0.0,1.3648015171727177,1.329262930671192,1.1423500755289646
500,A15F12,2.0,dmas,False,False,geometry_informed,56.2,84.30000000000001,1,-6.410917136875551,-82.14834869576651,22.5,-22.5,5.0,1014,0.103426918636701,,0.6242081000000326,66.28549337394296,0.0,0.0,7.045362576824652,6.466386284134112,4.088361008870088
0,A1F11,,dmas,False,False,geometry_informed,22.9,34.349999999999994,1,-2.7463065636520505,-33.61282144137328,0.0,-7.5,15.0,167,0.10262525759684982,,0.5703071000007185,26.25683993496937,0.0,0.0,2.1541312282109857,2.060108610240595,2.5438188527418273
452,A12F13,4.0,dmas,False,False,geometry_informed,39.0,58.5,1,0.23024296652853893,-1.6487597981273139,37.5,-7.5,5.0,418,0.5252742916802134,,0.6027746999989176,37.72627468004238,0.0,0.0,1.8524768319358584,1.783670023408366,1.541412347362665
146,A12F1,1.0,dmas,False,False,geometry_informed,39.0,58.5,1,0.4559516102245639,0.3118181322786029,22.5,-22.5,10.0,363,1.0796668717189066,,0.5909160000010161,31.722533251789898,0.0,0.0,2.1621023389533156,2.0896632960399355,1.825600754213327
409,A1F3,,dmas,False,False,geometry_informed,22.9,34.349999999999994,1,-30.289284367996537,10.219187609812984,-12.5,-7.5,15.0,249,0.194000017544512,,0.5988397000000987,25.1083302486883,0.0,0.0,2.5746012000814926,2.3996142867338803,3.0380899142470335
419,A1F3,,dmas,False,False,geometry_informed,22.9,34.349999999999994,1,-29.71051406946939,-1.9372113370899,-2.5,-30.0,5.0,299,0.14677128178489815,,0.587356500000169,39.088773112799885,0.0,0.0,2.603879299227389,2.3914994716936477,3.2232083136169623
144,A2F1,1.0,dmas,False,False,geometry_informed,48.5,72.75,1,2.5753055572589294,2.400484959376979,-7.5,7.5,5.0,361,1.0737182939132925,,0.6299101000004157,11.292335264314156,0.1111111111111111,0.2,2.839497265890061,2.7730510254393863,1.8923006352180676
197,A3F1,,dmas,False,False,geometry_informed,56.9,85.35,1,61.21668372854983,-66.4310010239205,-22.5,-37.5,15.0,405,0.2202813408420821,,0.7910843000008754,88.57474783905472,0.0,0.0,2.2226131369606104,2.1830634660887465,0.9524778630654563
445,A12F13,4.0,dmas,False,False,geometry_informed,39.0,58.5,1,1.457850041643597,0.7400733155617748,-22.5,-22.5,15.0,378,1.235714904325642,,0.7369304999992892,33.37783076130874,0.0,0.0,2.027363215960265,1.957783903646467,1.735678601210538
22,A11F4,4.0,dmas,False,False,geometry_informed,33.1,49.650000000000006,1,0.6224504493413887,0.31672091544625575,0.0,12.5,15.0,231,1.3140930791837795,,2.815032799999244,12.19916939033187,0.18710493046776233,0.3152289669861555,2.0157632182775758,1.9580600108915696,2.0099070501446503
451,A12F13,4.0,dmas,False,False,geometry_informed,39.0,58.5,0,-17.263408474124383,52.11181515222126,32.5,-7.5,10.0,210,0.1832595714594046,,0.6579468999989331,77.65285138811807,0.0,0.0,1.2725874575075877,1.2503434899408974,0.917497494836013
236,A15F13,2.0,dmas,False,False,geometry_informed,56.2,84.30000000000001,1,0.18447972092662174,-0.510988069631041,-7.5,37.5,5.0,404,0.5395699572963233,,0.6775206000002072,38.77997476289748,0.0,0.0,2.9298195438750554,2.8717281253716678,1.1915189383849507
254,A3F2,1.0,dmas,False,False,geometry_informed,56.9,85.35,1,-78.58276320262812,-0.004548573466867357,22.5,-37.5,10.0,1524,0.08381833658498353,,0.6978925999992498,107.81295791489117,0.0,0.0,8.538605083300656,7.34460930730969,7.4955096498381515
148,A12F1,1.0,dmas,False,False,geometry_informed,39.0,58.5,1,0.4768295902487925,1.0720994570301845,7.5,-37.5,5.0,356,0.5402279843873766,,0.6562355000005482,39.20627219116137,0.0,0.0,2.163500759651013,2.092389372835584,1.7933883867180787
435,A2F12,3.0,dmas,False,False,geometry_informed,48.5,72.75,1,1.5304318521908504,70.74999173693007,22.5,-37.5,10.0,958,0.1311263933661851,,0.5311319000011281,110.26233944258139,0.0,0.0,5.73069103776395,5.232508976551291,3.6270965041181076
25,A11F4,4.0,dmas,False,False,geometry_informed,33.1,49.650000000000006,1,21.328937299641893,-39.595115302998735,7.5,-37.5,5.0,182,0.1562106039077501,,0.5255512999992789,13.986744259129296,0.0,0.0,0.9342834449840914,0.9157254791542357,0.7131749863428204
80,A14F12,3.0,dmas,False,False,geometry_informed,45.4,68.1,1,8.996921555505736,63.28943519631139,-7.5,-37.5,10.0,880,0.13905746869669625,,0.540150700000595,102.13059614043169,0.0,0.0,3.911073272013758,3.627354139688535,2.45248421048024
9,A13F14,4.0,dmas,False,False,geometry_informed,43.8,65.69999999999999,1,7.809940109737861,64.33981636804077,0.0,27.5,15.0,607,0.10013372929683913,,0.5385480000004463,37.65856123843099,0.0,0.0,3.857811807067337,3.649625557348521,2.6196247733269233
416,A1F3,,dmas,False,False,geometry_informed,22.9,34.349999999999994,1,-30.646864749180548,-10.549553101146339,0.0,25.0,5.0,254,0.2075870275785139,,0.525789999999688,46.9361379391806,0.0,0.0,2.5399418871434993,2.364620517206271,3.0733080141370035
490,A3F4,,dmas,False,False,geometry_informed,56.9,85.35,1,0.17724121319092845,-0.6790316278649718,-22.5,-37.5,5.0,408,0.5802488921071234,,3.5744649000007485,43.243970457198,0.0,0.0,3.338862355971275,3.2701008139508962,1.1971444211050455
235,A15F13,2.0,dmas,False,False,geometry_informed,56.2,84.30000000000001,1,1.0260437805631213,-0.08768021133332744,-7.5,37.5,10.0,364,0.48614718924718237,,0.5786155000005238,38.54253658255432,0.0,0.0,2.926344984400284,2.8740555119740123,1.2215851760724759
432,A16F4,2.0,dmas,False,False,geometry_informed,57.0,85.5,1,0.476261797708151,-0.8798406039451195,-22.5,37.5,15.0,427,0.5474788544364215,,3.497268700000859,44.73165289793188,0.0,0.0,3.1748515783153093,3.107846108978634,1.2337153776901508
202,A3F1,,dmas,False,False,geometry_informed,56.9,85.35,1,-62.998658379006066,-61.24151669372788,7.5,-22.5,15.0,483,0.15639560428600274,,0.5823080999998638,80.44231441828484,0.0,0.0,2.046696586638575,2.004218550977425,0.7344864715283039
220,A15F2,1.0,dmas,False,False,geometry_informed,56.2,84.30000000000001,1,-78.92514040293592,-40.294042149056274,-37.5,-7.5,10.0,837,0.08026351610313046,,0.5586997999998857,52.83456688454097,0.0,0.0,6.833317769081474,6.37724777729005,2.810028552576544
473,A3F14,2.0,dmas,False,False,geometry_informed,56.9,85.35,1,1.3315981601168279,-82.19800689397353,22.5,-37.5,5.0,1388,0.1331012668472462,,0.5628838000011456,49.45718407621358,0.0,0.0,8.039833822064876,7.064351549825908,3.7056260460815165
59,A12F11,2.0,dmas,False,False,geometry_informed,39.0,58.5,1,-1.3269551203679535,54.42524060169692,7.5,7.5,10.0,618,0.13482668471656195,,0.5944051999995281,47.74822868153473,0.0,0.0,3.229192307337993,3.021551216199555,2.5026659061450323
47,A3F13,2.0,dmas,False,False,geometry_informed,56.9,85.35,1,0.6928145120526039,0.5327361228864913,7.5,-37.5,15.0,460,0.578053048260522,,0.6119386000009399,38.637116756565014,0.0,0.0,3.0250952295568534,2.957632828516545,1.1126132536593276
142,A2F1,1.0,dmas,False,False,geometry_informed,48.5,72.75,1,-0.2634313020080464,-0.7993869081785219,-7.5,-37.5,10.0,512,0.7281554724481548,,0.5790386999997281,37.4072576893353,0.0,0.0,2.5941516373480433,2.5108594347029123,1.8320672764104484
410,A1F3,,dmas,False,False,geometry_informed,22.9,34.349999999999994,1,-29.650577659226673,-0.11034984014750425,-20.0,-10.0,10.0,309,0.14795795304972506,,0.565963400000328,13.818061710711653,0.0,0.0,2.616295038521004,2.3956310958487985,3.2308676314705216
153,A12F1,1.0,dmas,False,False,geometry_informed,39.0,58.5,1,-0.17883140699579822,-0.16039148544641,7.5,22.5,15.0,397,0.8637204179190775,,0.5367805000005319,23.92609023745328,0.005454545454545455,0.0108499095840868,2.0283658416880077,1.9552735708932922,1.6457921530018356
240,A2F2,2.0,dmas,False,False,geometry_informed,48.5,72.75,1,-69.28383634985387,47.77901081624208,-37.5,-7.5,5.0,492,0.15003165187858752,,0.5231801000009,63.765047556921814,0.0,0.0,5.59333335045774,5.341210675864011,3.702553449292548
150,A12F1,1.0,dmas,False,False,geometry_informed,39.0,58.5,1,0.45584964115270415,1.2041532450753798,-7.5,-22.5,15.0,356,0.49569284639466654,,0.5105288000013388,25.003648225381976,0.003770028275212064,0.007511737089201878,2.171750904517934,2.1002977098960303,1.801772780177913
107,A13F1,1.0,dmas,False,False,geometry_informed,43.8,65.69999999999999,1,1.2862467801178168,-0.8802698136735536,7.5,37.5,15.0,444,1.2808697320421196,,0.5110394000002998,38.8800185191311,0.0,0.0,2.1653010346422477,2.0954050098468646,1.5313425730824406
359,A16F5,4.0,dmas,False,False,geometry_informed,57.0,85.5,1,-79.76949018946281,-0.2958551594470175,17.5,17.5,10.0,1606,0.08907206061833925,,0.5820749000013166,98.88400367387042,0.0,0.0,9.880242333138082,8.195827631328322,8.47285394705735
484,A15F11,2.0,dmas,False,False,geometry_informed,56.2,84.30000000000001,1,-1.6735623808024493,82.04605750716348,7.5,37.5,5.0,1199,0.12023267872112618,,0.5816672000000835,45.48082547828249,0.0,0.0,8.202281290022599,7.293482209688938,3.8964853859664337
392,A3F5,4.0,dmas,False,False,geometry_informed,56.9,85.35,1,-79.67103118413925,-0.3136102370082395,22.5,7.5,10.0,1595,0.08772325908992701,,0.5706778999992821,102.46937161008765,0.0,0.0,9.847248057168574,8.184145616108943,8.289147427038298
158,A12F1,1.0,dmas,False,False,geometry_informed,39.0,58.5,1,0.022982785631950785,-0.1704680655673888,22.5,-37.5,10.0,386,0.7972746642246286,,0.5691287999998167,43.57419256049183,0.0,0.0,2.0479917545360284,1.9760525301677576,1.6591245033070752
476,A3F11,2.0,dmas,False,False,geometry_informed,56.9,85.35,1,1.9217079167086126,-82.26302429782129,22.5,22.5,5.0,1369,0.1320075918006899,,0.5844538000001194,106.76496319060456,0.0,0.0,8.133565931440504,7.147752607887728,3.644067027833102
76,A13F4,3.0,dmas,False,False,geometry_informed,43.8,65.69999999999999,1,0.6286843428690156,0.11417495158102525,7.5,37.5,10.0,417,0.9072327815422048,,3.019008000001122,38.0120361650218,0.0,0.0,2.2667899481242286,2.1971886298710737,1.6244392053306278
60,A12F11,2.0,dmas,False,False,geometry_informed,39.0,58.5,1,-2.3523139998826097,54.474652193414755,7.5,7.5,5.0,652,0.13990290349979817,,0.584042500000578,47.996729470293786,0.0,0.0,3.4073911750728247,3.171606786304439,2.694159255727606
217,A14F13,3.0,dmas,False,False,geometry_informed,45.4,68.1,1,0.3978863418832843,0.8372685874656076,15.0,0.0,10.0,442,1.1335379207238274,,0.5830972000003385,14.626097974925349,0.1317365269461078,0.2328042328042328,2.305807951239462,2.2357657435897083,1.6195608635533583
124,A14F1,1.0,dmas,False,False,geometry_informed,45.4,68.1,1,0.7104068477043418,0.01653867440110795,-7.5,-37.5,15.0,410,0.7662421106316568,,0.5606241999994381,38.404445767549674,0.0,0.0,2.458605830110571,2.3879914165127696,1.8299942571801482
364,A15F5,4.0,dmas,False,False,geometry_informed,56.2,84.30000000000001,1,-77.83079709656113,0.4041733936191747,-37.5,22.5,5.0,1577,0.1150655622519635,,0.5645954999999958,45.98694105790502,0.0,0.0,10.70843142176258,8.700499943713487,8.97362989317792
135,A2F1,1.0,dmas,False,False,geometry_informed,48.5,72.75,1,0.7919944366915381,0.23459303141130824,-22.5,-7.5,10.0,471,1.1741242926727178,,0.5597467999996297,24.542635029687133,0.0,0.0,2.73160879795281,2.649496451892805,1.867778787774508
56,A12F11,2.0,dmas,False,False,geometry_informed,39.0,58.5,1,0.4831932596206613,54.18993346678419,-7.5,20.0,10.0,555,0.12007946989496292,,0.5891666000006808,35.1095845188117,0.0,0.0,3.1167285953903385,2.938730997121289,2.333250475955975
14,A13F14,4.0,dmas,False,False,geometry_informed,43.8,65.69999999999999,1,-4.533380742253037,63.54395667259455,-22.5,-37.5,10.0,894,0.14855319443619305,,0.5987370000002556,102.62884871032125,0.0,0.0,4.636676040753127,4.236768423486951,3.0581637791757714
251,A3F2,1.0,dmas,False,False,geometry_informed,56.9,85.35,1,-79.2721939709523,1.2308684623974686,22.5,22.5,10.0,1400,0.10068976706178225,,0.5997877999998309,103.9709354676824,0.0,0.0,9.02247981603934,7.782243356138463,8.522299659948875
242,A16F2,1.0,dmas,False,False,geometry_informed,57.0,85.5,1,-79.49357005517372,2.2746344271971055,7.5,37.5,10.0,1422,0.10178444537009211,,0.5972830000009708,93.85471544191067,0.0,0.0,9.083986500830868,7.809067604352585,8.644334927355601
374,A15F5,4.0,dmas,False,False,geometry_informed,56.2,84.30000000000001,1,-79.85739766128758,6.075800542625576,17.5,22.5,5.0,1131,0.08794686495903706,,0.7715507000011712,98.73306035565648,0.0,0.0,10.333816269983418,8.924082728745722,10.888298842960914
134,A2F1,1.0,dmas,False,False,geometry_informed,48.5,72.75,1,0.7576228520563069,0.13968160624626058,-7.5,22.5,15.0,478,1.2616519961486419,,0.7577839999994467,23.836362428794466,0.025086505190311418,0.048945147679324896,2.7134214078767425,2.630839129724953,1.8811481428029635
61,A13F12,3.0,dmas,False,False,geometry_informed,43.8,65.69999999999999,1,2.6450315226428236,-63.738120265211116,-7.5,-37.5,15.0,670,0.11133181238506638,,0.5474960999999894,28.131132569576696,0.0,0.0,4.0106465869199734,3.7678481195886078,2.7486258644468733
5,A1F11,,dmas,False,False,geometry_informed,22.9,34.349999999999994,1,-0.6375514721675175,-33.88896602914214,-22.5,-30.0,10.0,135,0.09308422677303091,,0.5406775999999809,22.205645957907784,0.10571428571428572,0.19121447028423771,3.0647783798972283,2.943805640666684,2.960610697075029
138,A2F1,1.0,dmas,False,False,geometry_informed,48.5,72.75,1,1.4232090413552663,0.017904131434547946,22.5,-7.5,15.0,434,0.3381365767643301,,0.5398119000001316,22.377443992642434,0.06436567164179105,0.12094653812445223,2.714167863135883,2.6390944925303024,1.7714145369753944
243,A16F2,1.0,dmas,False,False,geometry_informed,57.0,85.5,1,-79.63065473770718,0.44775886081541094,22.5,22.5,10.0,1342,0.09791882342557705,,0.5543667999991158,104.48431449941897,0.0,0.0,8.96179552219387,7.783093410742215,8.680122417288228
94,A11F1,1.0,dmas,False,False,geometry_informed,33.1,49.650000000000006,1,0.3500500614354364,0.35576790207695375,-7.5,7.5,15.0,174,1.3665928043115598,,0.5411671999991086,10.614298763273833,0.1910569105691057,0.32081911262798635,1.8127591320482053,1.774554057218505,1.801435864936963
424,A1F4,,dmas,False,False,geometry_informed,22.9,34.349999999999994,1,0.06653363039562356,0.2963349265994511,0.0,17.5,15.0,181,1.3530714343837063,,0.5463850000014645,17.203793729341083,0.06339712918660287,0.11923509561304838,1.6821388855120223,1.6069080867073993,2.293329385551451
212,A14F13,3.0,dmas,False,False,geometry_informed,45.4,68.1,1,1.1261940325526474,1.0713807166061786,-7.5,-37.5,15.0,368,0.9713136706751051,,0.5519755999994231,39.52420314026111,0.0,0.0,2.439263044402108,2.376477173497105,1.707647870006839
459,A12F13,4.0,dmas,False,False,geometry_informed,39.0,58.5,0,-43.40124389361521,-44.62284995784869,17.5,7.5,10.0,213,0.20961993428291203,,0.5592515999996976,80.16079462878353,0.0,0.0,2.079962336032124,2.0393386667616147,1.6720320735126457
31,A11F11,3.0,dmas,False,False,geometry_informed,33.1,49.650000000000006,1,0.2073380245849431,-48.177372227692956,7.5,-37.5,10.0,393,0.11414995496124156,,0.5558039000006829,12.93016613877693,0.0,0.0,3.0991197362356275,2.9282949757537247,2.593813121666286
288,A15F14,3.0,dmas,False,False,geometry_informed,56.2,84.30000000000001,1,4.266012509252229,-81.3587376339083,-7.5,37.5,5.0,1268,0.11702438979595796,,0.5585051999987627,119.43968587657174,0.0,0.0,6.980047260175382,6.2796143497093375,3.510685317146834
64,A13F12,3.0,dmas,False,False,geometry_informed,43.8,65.69999999999999,1,-5.731580695498893,-63.79060184807962,-7.5,37.5,5.0,577,0.0944987663658492,,0.5499120999993465,101.30603797199218,0.0,0.0,4.1902005697458495,3.965980503818061,2.980319222822612
427,A1F4,,dmas,False,False,geometry_informed,22.9,34.349999999999994,1,0.3213453324584739,0.28854750111490457,10.0,15.0,5.0,183,1.3680224999570068,,0.5414043999990099,17.609747039650394,0.0,0.0,1.6243398085382557,1.5513899040067618,2.2439973073075614
29,A14F4,2.0,dmas,False,False,geometry_informed,45.4,68.1,1,0.5010571232836847,1.2384093004326953,-22.5,-7.5,5.0,453,0.4380244604728151,,3.1583780000000843,24.605048788621566,0.0,0.0,2.4350821440586445,2.3580934864944036,1.8163452128125692
209,A12F2,2.0,dmas,False,False,geometry_informed,39.0,58.5,1,-52.243056138963745,-9.0741135746022,12.5,-7.5,15.0,574,0.11006312153079476,,0.5691618999990169,64.76218921375926,0.0,0.0,3.137240963133233,2.951612159674804,2.484304088616797
100,A11F1,1.0,dmas,False,False,geometry_informed,33.1,49.650000000000006,1,0.7207767775014696,1.7939278856686323,-7.5,22.5,5.0,312,0.7777638626621824,,0.5648227000001498,22.278298705902085,0.0,0.0,1.470748377591058,1.41753783085697,1.3724930203316168
3,A1F11,,dmas,False,False,geometry_informed,22.9,34.349999999999994,1,-0.8040036572213337,33.70292643454102,0.0,-25.0,10.0,198,0.11999138607461016,,0.5521112000005814,58.708432050770696,0.0,0.0,2.2768304937906727,2.157534710787194,2.722946531091361
96,A11F1,1.0,dmas,False,False,geometry_informed,33.1,49.650000000000006,1,2.3896935294666823,2.408303722458015,7.5,-37.5,5.0,199,1.2916878885627456,,0.5545476999996026,40.23416381915661,0.0,0.0,1.797586294902379,1.7543635635315746,1.7112520085495044
237,A2F2,2.0,dmas,False,False,geometry_informed,48.5,72.75,1,-69.77560651761299,-55.26749477036536,-22.5,-7.5,15.0,366,0.18899127403252206,,0.5628483000000415,67.20652147109723,0.0,0.0,6.219449262966766,5.991099580075142,4.183947934814734
192,A15F1,1.0,dmas,False,False,geometry_informed,56.2,84.30000000000001,1,0.1574260862468154,-0.14978828865880667,7.5,-22.5,10.0,394,0.5849657398461146,,0.576013600000806,23.525419342079786,0.0,0.0,3.2711520986703864,3.2051179114721395,1.5313830442844483
368,A15F5,4.0,dmas,False,False,geometry_informed,56.2,84.30000000000001,1,-79.3805813311237,5.886152735357447,37.5,22.5,5.0,1483,0.06972201482700242,,0.6131230000009964,118.05545397496167,0.0,0.0,9.854572840395964,8.256089118105216,9.313228314028457
453,A12F13,4.0,dmas,False,False,geometry_informed,39.0,58.5,1,-1.6182179589473777,2.666430456471558,37.5,5.0,15.0,317,0.5782464051026067,,0.5980799000008119,39.18775986323021,0.0,0.0,2.0917565496673416,2.0310070146942873,1.796215089892009
8,A13F14,4.0,dmas,False,False,geometry_informed,43.8,65.69999999999999,1,-3.3634808995446717,64.10320790869295,7.5,20.0,15.0,585,0.09512094106671648,,0.5659591000003275,45.42145049524694,0.0,0.0,3.568169145244382,3.38891872034609,2.4719776374141316
328,A12F3,2.0,dmas,False,False,geometry_informed,39.0,58.5,1,-54.56542486520972,8.285917771435193,22.5,-22.5,5.0,392,0.0973040450534083,,0.5650080000013986,82.98706189933979,0.0,0.0,3.2097198465449983,3.07798182045991,2.631302585819527
82,A14F12,3.0,dmas,False,False,geometry_informed,45.4,68.1,1,5.908743060030717,65.23304814047553,0.0,25.0,15.0,958,0.1503150625998088,,0.5714287999999215,40.66462107561415,0.0,0.0,4.122322091688436,3.7894343862010977,2.7169564112128604
191,A15F1,1.0,dmas,False,False,geometry_informed,56.2,84.30000000000001,1,0.6169226038816825,-0.22992061863242885,37.5,7.5,10.0,629,0.19371255554435643,,0.6016588999991654,37.684387629075424,0.0,0.0,2.281441169645888,2.2166119321205713,1.0756054641541901
139,A2F1,1.0,dmas,False,False,geometry_informed,48.5,72.75,1,0.8053027239751913,-0.418326538266446,-7.5,37.5,15.0,452,0.31632877688184147,,0.5243382999997266,38.81723252370617,0.0,0.0,2.582720150914217,2.5095332132643877,1.7537079202405177
458,A12F13,4.0,dmas,False,False,geometry_informed,39.0,58.5,0,-44.14614491726821,-44.07763448043162,-20.0,20.0,10.0,218,0.2223414328325866,,0.5168913999987126,68.47612397743842,0.0,0.0,2.1239170804464944,2.081238541235097,1.7182462832720842
483,A15F11,2.0,dmas,False,False,geometry_informed,56.2,84.30000000000001,1,-4.985245283206486,82.00225309627102,37.5,7.5,10.0,1205,0.12083434350204923,,0.5519495999997162,85.76468843991124,0.0,0.0,7.731275678051805,6.91924214597908,3.674390619106511
330,A12F3,2.0,dmas,False,False,geometry_informed,39.0,58.5,1,15.631970355955206,-0.07222602221519946,-22.5,-22.5,10.0,334,0.49588466271218856,,0.5465333000011015,44.23858280761317,0.0,0.0,2.0123701056770495,1.9513974727780488,1.3185388269275349
460,A12F13,4.0,dmas,False,False,geometry_informed,39.0,58.5,1,-1.2057936678654464,2.375131929401568,15.0,7.5,5.0,340,0.6202011915927013,,0.5538247999993473,16.99682385466376,0.0,0.0,2.043744246203916,1.9804795292673616,1.7623470802272123
83,A14F12,3.0,dmas,False,False,geometry_informed,45.4,68.1,1,6.132070796965141,65.1546544641809,20.0,20.0,10.0,965,0.15141339813028756,,0.5472504999997909,47.23623905604635,0.0,0.0,4.1853505382245,3.842434460614212,2.758098206784307
141,A2F1,1.0,dmas,False,False,geometry_informed,48.5,72.75,1,-0.5751583294639114,-0.9701021526161114,-22.5,37.5,5.0,507,0.9954921721062656,,0.5539685000003374,44.27919874964761,0.0,0.0,2.6083888449308446,2.5253058170682663,1.8486501913066282
130,A14F1,1.0,dmas,False,False,geometry_informed,45.4,68.1,1,-0.14953796865473384,-0.7198878938128971,-7.5,22.5,5.0,395,0.6266527449402693,,0.564600600000631,24.355543226860842,0.0,0.0,2.4571960299470925,2.389195634474723,1.7723025004918433
283,A16F14,3.0,dmas,False,False,geometry_informed,57.0,85.5,1,0.82346912266845,82.35750910557057,-2.5,-10.0,10.0,1352,0.13036834486087126,,0.5599951999993209,92.41728699326161,0.0,0.0,7.748877758742577,6.862382321291474,3.665370963325844
101,A11F1,1.0,dmas,False,False,geometry_informed,33.1,49.650000000000006,1,-1.0693143224079462,-0.9604022504426122,7.5,7.5,10.0,266,0.48521622636370154,,0.5377544000002672,12.042074331090983,0.20920502092050208,0.3460207612456747,1.697881929786846,1.6440415704365885,1.5926659690682756
62,A13F12,3.0,dmas,False,False,geometry_informed,43.8,65.69999999999999,1,-5.001331148053209,64.2213541644685,7.5,-37.5,10.0,611,0.10079358912746081,,0.5580747999993037,102.4866682721539,0.0,0.0,4.326814120343851,4.077840195321557,3.175201630663575
360,A16F5,4.0,dmas,False,False,geometry_informed,57.0,85.5,1,-79.9458944839686,0.7279704835943601,22.5,20.0,5.0,1477,0.10673780053602296,,0.5572913999985758,104.24285308020708,0.0,0.0,10.846337457250812,8.924145620991284,11.342719418695408
48,A3F13,2.0,dmas,False,False,geometry_informed,56.9,85.35,1,0.3748017788810067,0.8150343566455697,-2.5,-37.5,10.0,471,0.11486270952984087,,0.5623235000002751,38.42273211288843,0.0,0.0,1.6678096558070847,1.6355579410734078,0.5996908616251869
165,A1F1,,dmas,False,False,geometry_informed,22.9,34.349999999999994,1,0.17329007239847022,0.8996226567115051,22.5,-17.5,10.0,194,1.2592334190008674,,0.556788100000631,28.93143774686339,0.0,0.0,1.4794647720185687,1.4102314456880973,1.9424663283870802
97,A11F1,1.0,dmas,False,False,geometry_informed,33.1,49.650000000000006,1,2.5278578892963397,0.1916899249095686,0.0,-22.5,15.0,256,0.9241571034978305,,0.5952109999998356,22.832057663660542,0.0211864406779661,0.04149377593360996,1.658631668513416,1.6082360556399213,1.5438576353898807
272,A16F14,3.0,dmas,False,False,geometry_informed,57.0,85.5,1,3.563737265541372,-82.38100065485206,-22.5,37.5,10.0,1326,0.12857258823024892,,0.6957108000005974,122.6815907879247,0.0,0.0,7.233516849815075,6.4699252175340085,3.6737361676423617
174,A1F1,,dmas,False,False,geometry_informed,22.9,34.349999999999994,1,-0.04714948338608011,1.8961925223204195,-7.5,-40.0,5.0,170,1.2110447870981063,,0.605123100000128,42.55391790059206,0.0,0.0,1.4638813783732898,1.403901665331559,1.9438409206811593
152,A12F1,1.0,dmas,False,False,geometry_informed,39.0,58.5,1,-0.7112014973007883,-0.7456782605754031,-22.5,7.5,5.0,382,1.3334315485236679,,0.6268134000001737,23.29684421049669,0.0,0.0,2.1047274045051125,2.031058416937489,1.7184798883752002
160,A12F1,1.0,dmas,False,False,geometry_informed,39.0,58.5,1,-1.3228495118726653,0.9357253375878002,22.5,-7.5,5.0,359,1.1736022504045116,,0.556846299999961,25.272309368883416,0.0,0.0,2.0883608354245315,2.0197652888943254,1.7077462820501266
127,A14F1,1.0,dmas,False,False,geometry_informed,45.4,68.1,1,0.6847501404541482,-0.41111446722119616,-22.5,7.5,5.0,416,0.7408744579894297,,0.5803814000009879,24.49731355044396,0.0,0.0,2.440007540006309,2.3690706633428054,1.803782197759827
38,A2F1,1.0,dmas,False,False,geometry_informed,48.5,72.75,1,-0.6308598396987809,-2.4123295619473093,-22.5,22.5,5.0,303,0.32644121194708753,,0.5903471000001446,33.1494110890974,0.0,0.0,2.857254180021287,2.8009416102044,1.7747136189582544
171,A1F1,,dmas,False,False,geometry_informed,22.9,34.349999999999994,1,-0.17283810693913554,-0.7701998473746966,-7.5,-15.0,5.0,179,1.275158922885653,,0.5865384999997332,16.005452626863708,0.0,0.0,1.6171693441344817,1.5461751935011723,2.1390329327449225
20,A13F14,4.0,dmas,False,False,geometry_informed,43.8,65.69999999999999,1,-1.8392097806049106,63.99637016158221,22.5,-22.5,10.0,773,0.12751791226763862,,0.5644525000006979,89.85554620541652,0.0,0.0,4.580243754722002,4.238937904055805,3.23378568369708
164,A1F1,,dmas,False,False,geometry_informed,22.9,34.349999999999994,1,-0.25099933968078003,0.7469001221112733,22.5,-17.5,15.0,205,1.3932428209538292,,0.5529556000001321,29.164316124683257,0.0,0.0,1.4250816036193024,1.355082317583511,1.8495417045247355
380,A3F5,4.0,dmas,False,False,geometry_informed,56.9,85.35,1,-80.28176396163383,10.384182706397992,22.5,-37.5,10.0,1417,0.10909804896913873,,0.5683007999996335,113.38865003396378,0.0,0.0,11.720118550227177,9.508981743458186,11.782399560049887
13,A13F14,4.0,dmas,False,False,geometry_informed,43.8,65.69999999999999,1,0.5478351866561675,63.97752106754421,-22.5,-22.5,15.0,787,0.12982742167481448,,0.592257400001472,89.49616950897295,0.0,0.0,4.7135508173698994,4.350370761780528,3.2771245195078276
503,A14F2,2.0,dmas,False,False,geometry_informed,45.4,68.1,1,-61.62913131799484,-1.2186947642712935,-22.5,22.5,5.0,1193,0.08458359038219426,,2.535416200000327,45.75658858592449,0.0,0.0,4.644971016931744,4.153160880918873,4.369307253080184
470,A2F14,4.0,dmas,False,False,geometry_informed,48.5,72.75,1,-0.1984609936268233,71.02276549406305,-22.5,-22.5,5.0,904,0.12373513528500138,,0.5623058000001038,96.14502747261709,0.0,0.0,5.992055883346095,5.482820318352361,3.659799403283758
465,A11F14,4.0,dmas,False,False,geometry_informed,33.1,49.650000000000006,1,-0.036538820839750005,48.858649986599076,-5.0,-27.5,10.0,291,0.17155253559666536,,0.57109440000022,76.51979727268609,0.0,0.0,3.5271608365767353,3.374665199162999,2.960912806175702
112,A13F1,1.0,dmas,False,False,geometry_informed,43.8,65.69999999999999,1,0.6870079386374562,0.8885651035399464,22.5,-22.5,10.0,393,1.1337428033616057,,0.5781487000003835,31.981738543606287,0.0,0.0,2.216008345298163,2.1522451303721253,1.5424849579201478
232,A2F13,3.0,dmas,False,False,geometry_informed,48.5,72.75,1,-0.3042249548344549,0.46780110628270277,12.5,0.0,5.0,501,0.35062105579159863,,6.32947840000088,12.812767638923479,0.09848484848484848,0.1793103448275862,2.5672783091028673,2.4868667972891907,1.6941535446738964
376,A3F5,4.0,dmas,False,False,geometry_informed,56.9,85.35,1,-80.69774535986579,0.17315253584594553,7.5,-52.5,10.0,1295,0.09313803453214858,,0.6075474999997823,102.72927180034044,0.0,0.0,10.404325528806842,8.830745401160998,10.570121156676215
137,A2F1,1.0,dmas,False,False,geometry_informed,48.5,72.75,1,0.6602672684070681,0.12080202221914389,-7.5,37.5,5.0,470,1.3157037622519072,,0.5970823000006931,38.25956616787457,0.0,0.0,2.718817909987653,2.637389614288528,1.8764202114870339
491,A15F3,2.0,dmas,False,False,geometry_informed,56.2,84.30000000000001,1,-79.28042101317185,2.8143000523694495,-22.5,-10.0,10.0,1217,0.08922771265184201,,2.6461730000009993,58.20844007757984,0.0,0.0,9.194379889416414,8.029305067222499,9.66576804798428
415,A1F3,,dmas,False,False,geometry_informed,22.9,34.349999999999994,1,-30.045529722858866,11.431253131060762,0.0,23.0,5.0,247,0.1924417844718653,,0.5357929999991029,32.195803460152796,0.0,0.0,2.594642177697666,2.4192733821233374,3.056315109153104
467,A11F14,4.0,dmas,False,False,geometry_informed,33.1,49.650000000000006,1,-1.2080678707117878,48.925426044934575,0.0,15.0,5.0,370,0.1261273092261527,,4.965683100001115,33.94692858434429,0.0,0.0,3.3724942169629797,3.191399227356237,2.8679724152083286
117,A14F3,2.0,dmas,False,False,geometry_informed,45.4,68.1,1,-62.04172400461359,-21.88188591051709,-22.5,-22.5,15.0,561,0.14834049984545694,,2.789469100000133,39.54655487251262,0.0,0.0,3.5825647560020855,3.421611710618773,2.3990074747273895
371,A15F5,4.0,dmas,False,False,geometry_informed,56.2,84.30000000000001,1,-78.23001286865767,1.4525898133356026,32.5,17.5,5.0,1724,0.11396569595970044,,0.6624557999984972,111.88679601987069,0.0,0.0,10.694015486124544,8.54490433416282,9.793841473435952
205,A3F1,,dmas,False,False,geometry_informed,56.9,85.35,1,5.162855461591288,-3.9364184202149914,7.5,37.5,5.0,560,1.0465745901310435,,0.605417300001136,41.502277239791866,0.0,0.0,3.0468168208294517,2.964014657677742,1.5897661956712974
45,A16F13,2.0,dmas,False,False,geometry_informed,57.0,85.5,1,1.1777033425763783,-1.5007266573100677,-7.5,-7.5,10.0,450,0.7645844749136868,,6.101045700001123,10.54958842524538,0.3432574430823117,0.5110821382007823,3.581416096691479,3.497601308990009,1.3651219319472778
403,A1F3,,dmas,False,False,geometry_informed,22.9,34.349999999999994,1,-29.64597008992553,0.4630964358209741,-22.5,-7.5,10.0,317,0.1536800078990725,,0.5596349999996164,10.699336118297012,0.019448946515397084,0.03815580286168521,2.573421114462911,2.351978536949904,3.1931643129681917
175,A1F1,,dmas,False,False,geometry_informed,22.9,34.349999999999994,1,-0.11563723514217382,1.842319189958397,20.0,-22.5,5.0,169,1.2633650409439026,,0.5006069999999454,31.5782736216161,0.0,0.0,1.4790386917796257,1.418685853798371,1.9573258036088979
194,A15F1,1.0,dmas,False,False,geometry_informed,56.2,84.30000000000001,1,0.4627760559869744,0.33275518792144343,-7.5,22.5,15.0,661,0.20559815291926967,,3.387501600000178,23.55403458171069,0.12203112203112203,0.21751824817518248,2.203642680615014,2.1384778021790303,1.060148096102721
163,A12F1,1.0,dmas,False,False,geometry_informed,39.0,58.5,1,-0.6114440471356607,2.1323748915457443,-7.5,7.5,5.0,373,0.5085998523389725,,0.5878544000006514,8.732903435894118,0.15816326530612246,0.27312775330396477,1.9594662611736189,1.8936341786757551,1.6053414537500448
389,A3F5,4.0,dmas,False,False,geometry_informed,56.9,85.35,1,-79.21491736696815,-0.10943666962853339,-30.0,12.5,10.0,1567,0.11216330934946157,,0.5851339999990159,50.804586255208065,0.0,0.0,11.016774638948778,8.931183782998088,9.951702579881955
466,A11F14,4.0,dmas,False,False,geometry_informed,33.1,49.650000000000006,1,3.7495110867632055,48.609318968956146,7.5,-15.0,5.0,391,0.13055188942008814,,0.6162244999995892,63.719789914772285,0.0,0.0,3.234584640113538,3.0542717412361546,2.6773654573212116
149,A12F1,1.0,dmas,False,False,geometry_informed,39.0,58.5,1,0.48254045741103974,0.5408969476677861,-10.0,-7.5,15.0,313,0.4965628080159602,,0.6096677999994427,13.211346568925983,0.1674364896073903,0.2868447082096934,2.2280287622101174,2.163075189133236,1.827653404789169
222,A15F2,1.0,dmas,False,False,geometry_informed,56.2,84.30000000000001,1,-78.49631576800267,-41.86286458999165,37.5,-22.5,5.0,844,0.07344886979583894,,0.66079389999868,117.60130014961797,0.0,0.0,6.792017003746124,6.337539256811099,3.004226186174106
337,A16F3,2.0,dmas,False,False,geometry_informed,57.0,85.5,1,-79.96919023174237,-0.23710186230027658,22.5,22.5,10.0,1289,0.08842503560304925,,2.516694300000381,104.96147268329281,0.0,0.0,9.856027713182801,8.463755113957578,10.853403302890515
448,A12F13,4.0,dmas,False,False,geometry_informed,39.0,58.5,0,-44.609582320000214,-43.765271732655435,22.5,-22.5,5.0,221,0.22951800874160141,,0.6332685000015772,70.39820893338523,0.0,0.0,2.103897761064607,2.0611466980220303,1.7043644068470296
494,A3F3,2.0,dmas,False,False,geometry_informed,56.9,85.35,1,-80.10435305425163,-3.0444057619040024,22.5,22.5,10.0,1273,0.08940412002570419,,0.5305324000000837,105.73632266827852,0.0,0.0,9.248995979470477,8.046749672436412,9.801756939346076
287,A15F14,3.0,dmas,False,False,geometry_informed,56.2,84.30000000000001,1,4.0256676413710935,-81.38375459542374,-7.5,32.5,10.0,1259,0.11494438868853174,,0.5446253999998589,114.46549949801489,0.0,0.0,7.018637493946754,6.315627035691862,3.5363311246883997
402,A1F3,,dmas,False,False,geometry_informed,22.9,34.349999999999994,1,-29.806258670714207,-2.4804019823182237,-7.5,-22.5,10.0,300,0.1436484981065292,,0.5481753999993089,29.972545448699897,0.0,0.0,2.5827216887595448,2.371890143683105,3.2024230466321684
314,A11F12,4.0,dmas,False,False,geometry_informed,33.1,49.650000000000006,1,-7.722848831391011,-47.5001330400023,7.5,-37.5,10.0,339,0.1044015203967199,,0.6232397000003402,18.213670342935504,0.0,0.0,2.7034639015780124,2.5805837380476255,2.2149192831922373
311,A11F3,2.0,dmas,False,False,geometry_informed,33.1,49.650000000000006,1,-45.94123999458854,-4.519567540818964,17.5,-22.5,10.0,354,0.24051120228606981,,0.6343746000002284,65.94002489740318,0.0,0.0,2.491969392755572,2.3767122947534776,2.2437936002944503
290,A15F14,3.0,dmas,False,False,geometry_informed,56.2,84.30000000000001,1,3.8737172323782194,-81.30714028580671,-22.5,7.5,15.0,1263,0.125937917761838,,0.6533488000004581,92.64060193239462,0.0,0.0,7.078280578747826,6.361992236390303,3.582368545521202
203,A3F1,,dmas,False,False,geometry_informed,56.9,85.35,1,-1.4510886818815878,-0.34156383813233177,-22.5,22.5,10.0,729,0.2647960509269232,,0.6296830999999656,31.061128541144285,0.0,0.0,2.866539202847253,2.7676257152018406,1.3437993116154034
481,A13F11,2.0,dmas,False,False,geometry_informed,43.8,65.69999999999999,1,2.206746209809947,-63.90384109116829,-22.5,-22.5,5.0,630,0.10468513701879377,,0.6790899000006902,48.21515700875269,0.0,0.0,4.015043931294012,3.7859917735091893,2.782295176698959
28,A14F4,2.0,dmas,False,False,geometry_informed,45.4,68.1,1,1.865037673371399,1.6893113166042677,22.5,-7.5,10.0,379,0.47626544628421263,,3.911504399999103,22.588605815650794,0.0014367816091954023,0.0028694404591104736,2.4822058895459502,2.416073597681218,1.7559387655740664
252,A3F2,1.0,dmas,False,False,geometry_informed,56.9,85.35,1,-79.2299278260941,1.8357437629971791,37.5,37.5,5.0,1416,0.09149470020172967,,0.6891458999998576,122.05660663488777,0.0,0.0,8.972436481392577,7.734162048780813,8.2598412804262
440,A2F12,3.0,dmas,False,False,geometry_informed,48.5,72.75,1,-0.16793709280751237,71.35778835036,-22.5,22.5,5.0,757,0.10361448828622351,,0.6825238999990688,53.719684624719974,0.0,0.0,4.338326194611425,4.084886050727035,3.0018431666731624
292,A15F14,3.0,dmas,False,False,geometry_informed,56.2,84.30000000000001,1,3.2071034860177985,82.61336489171083,37.5,-7.5,5.0,1021,0.10473685222253645,,0.6793062999986432,96.4179510434925,0.0,0.0,7.613716147018862,6.9370204683921415,4.396445682255217
183,A16F1,1.0,dmas,False,False,geometry_informed,57.0,85.5,1,0.0779843816767757,-0.0158758408548957,-7.5,-37.5,15.0,629,0.17422132108778945,,0.6688912999998138,38.24245561240992,0.0,0.0,2.2202700693753146,2.1590816412632683,0.9889226943670665
108,A13F1,1.0,dmas,False,False,geometry_informed,43.8,65.69999999999999,1,0.5216706131999612,-1.2012996843496746,-7.5,-22.5,15.0,468,1.200216621942876,,0.7112530999984301,22.759214278233753,0.03975265017667844,0.07646559048428207,2.0858665190107235,2.0155964443934598,1.428117068978451
186,A16F1,1.0,dmas,False,False,geometry_informed,57.0,85.5,1,0.012073046292474817,-0.14853223220307427,7.5,-37.5,5.0,444,0.6182236623573931,,0.7510323000005883,38.09463472029667,0.0,0.0,3.3089309545844916,3.2351034853581053,1.4946393193549057
195,A15F1,1.0,dmas,False,False,geometry_informed,56.2,84.30000000000001,1,-63.84565202599094,-63.84047764678992,-22.5,-22.5,10.0,429,0.22731375415584776,,0.7162165000008827,58.46792311617598,0.0,0.0,2.494178836233404,2.4444441960693277,1.0990255047972144
406,A1F3,,dmas,False,False,geometry_informed,22.9,34.349999999999994,1,-29.648263638883485,-2.9094101312251786,7.5,-25.0,10.0,307,0.14170342621150656,,0.6750258000010945,43.2202227219436,0.0,0.0,2.535470541095584,2.324920840603024,3.1047619498282386
362,A15F5,4.0,dmas,False,False,geometry_informed,56.2,84.30000000000001,1,-77.79913409001841,0.14516742072217206,7.5,-37.5,10.0,1583,0.11494871418806958,,0.6847453000009409,93.23680017375726,0.0,0.0,10.605104931342645,8.632666839462402,8.961980611868453
298,A15F14,3.0,dmas,False,False,geometry_informed,56.2,84.30000000000001,1,2.8362520115397447,82.60801335556678,-7.5,-22.5,5.0,1030,0.10566009577787713,,0.6812064999994618,105.61502060407916,0.0,0.0,7.638366189445076,6.951806185465209,4.46718212076066
119,A14F3,2.0,dmas,False,False,geometry_informed,45.4,68.1,1,-62.024515303000825,-22.40641205595044,22.5,-37.5,5.0,573,0.15291321459423232,,0.6614617000013823,85.86157513248857,0.0,0.0,3.654529283732319,3.485403682644803,2.4860147418144654
12,A13F14,4.0,dmas,False,False,geometry_informed,43.8,65.69999999999999,1,6.04507501295582,63.847700741624074,-22.5,-22.5,5.0,809,0.13442900928286375,,0.6338023999996949,90.94364590701399,0.0,0.0,4.736205330802761,4.3604753157186344,3.1495413123915124
211,A12F2,2.0,dmas,False,False,geometry_informed,39.0,58.5,1,-54.6256602418294,-27.370223814741184,-7.0,-22.5,5.0,538,0.17779638107890164,,2.747994999999719,47.87402838153315,0.0,0.0,3.2940164232734723,3.1076137890795867,2.7662487563152007
338,A16F3,2.0,dmas,False,False,geometry_informed,57.0,85.5,1,-79.9432174622758,0.20503809462866313,7.5,-52.5,5.0,1268,0.08420746697850406,,0.6655219000003854,102.0986646372572,0.0,0.0,9.687574099535585,8.364982529836869,8.818154845683594
436,A2F12,3.0,dmas,False,False,geometry_informed,48.5,72.75,1,1.1838684756919076,70.76796441219123,-37.5,-7.5,10.0,957,0.13098951821653354,,0.6181715000002441,87.3058757099009,0.0,0.0,5.702052345939547,5.2085815971349625,3.5979601245777117
405,A1F3,,dmas,False,False,geometry_informed,22.9,34.349999999999994,1,-29.6138413684002,1.9057150569517374,17.5,7.5,10.0,296,0.14529866022852794,,0.6688027999989572,47.44481080698704,0.0,0.0,2.628756714564383,2.4158426191577247,3.200152845026335
336,A13F3,2.0,dmas,False,False,geometry_informed,43.8,65.69999999999999,1,-57.60495877327894,5.939368474681989,7.5,37.5,5.0,777,0.1185405913311692,,0.7120700999985274,72.35142789985038,0.0,0.0,3.4229699489712573,3.199994838441775,2.2535143856568776
188,A16F1,1.0,dmas,False,False,geometry_informed,57.0,85.5,1,1.618322157592911,-0.9369331620026253,-7.5,37.5,10.0,767,0.12293885537262099,,0.6819154000004346,39.50369134485924,0.0,0.0,2.4888100127075785,2.402556364536849,1.1343404840269242
282,A16F14,3.0,dmas,False,False,geometry_informed,57.0,85.5,1,5.008514924937053,-82.99649966436972,2.5,-5.0,15.0,1171,0.11545967398264867,,0.6914195000008476,78.03682853001305,0.0,0.0,8.09593954008859,7.247521210486484,4.237391565150962
136,A2F1,1.0,dmas,False,False,geometry_informed,48.5,72.75,1,0.36356570739350924,-0.23190106618102954,7.5,37.5,10.0,470,0.9463538197001781,,0.66156299999966,38.40084702816805,0.0,0.0,2.7037197312002146,2.6228931661180805,1.8406517586584819
179,A1F1,,dmas,False,False,geometry_informed,22.9,34.349999999999994,1,-0.6416151699340801,0.01160121195431377,-5.0,10.0,5.0,186,1.264112998523962,,0.6455421999999089,10.897872667451262,0.038910505836575876,0.0749063670411985,1.5133963475188201,1.44520636378004,2.086772774625872
469,A2F14,4.0,dmas,False,False,geometry_informed,48.5,72.75,1,0.6588617587067781,71.01310726813574,-22.5,-22.5,10.0,902,0.12428036373571306,,0.6315309999990859,96.33812386018711,0.0,0.0,5.6817484139559715,5.217992979167669,3.625372833690914
27,A14F4,2.0,dmas,False,False,geometry_informed,45.4,68.1,1,0.629512995524046,0.04306963270161387,22.5,-37.5,10.0,371,0.7284567965511333,,0.6561148000000685,43.44882368095636,0.0,0.0,2.9956314269464897,2.9123988965330176,2.09650024642541
41,A3F12,2.0,dmas,False,False,geometry_informed,56.9,85.35,1,4.755780938462485,-82.04718498049274,-22.5,-37.5,10.0,1384,0.1334539861593534,,0.6764823999983491,52.22383827575002,0.0,0.0,7.124736111034851,6.35281840730209,3.4655738432801466
303,A11F3,2.0,dmas,False,False,geometry_informed,33.1,49.650000000000006,1,-45.96905448854107,-8.629156871488695,7.5,-22.5,15.0,354,0.13429824892776077,,0.6285042999988946,55.23893624061151,0.0,0.0,2.8349573265753145,2.6983449794332177,2.5787168257247757
437,A2F12,3.0,dmas,False,False,geometry_informed,48.5,72.75,1,-0.48553611649023976,-70.42500521361409,-37.5,-7.5,5.0,905,0.1246937130607764,,0.6108696999999665,73.0042931457939,0.0,0.0,5.30172117325918,4.887455381172088,3.364637447357821
111,A13F1,1.0,dmas,False,False,geometry_informed,43.8,65.69999999999999,1,0.9204714716327528,0.8686870603805884,7.5,22.5,15.0,389,1.0571622337771882,,0.634456499999942,22.609818556267644,0.026168224299065422,0.051001821493624776,2.20536262266112,2.142627585695807,1.5203805096463212
81,A14F12,3.0,dmas,False,False,geometry_informed,45.4,68.1,1,-0.06229050658367039,66.7887821014829,7.5,37.5,5.0,771,0.11844921198678325,,0.6855345000003581,30.249313954106633,0.0,0.0,4.736848012991235,4.4025576520072125,3.221961893405511
65,A13F12,3.0,dmas,False,False,geometry_informed,43.8,65.69999999999999,1,2.2049293999947306,64.17735399699019,-7.5,7.5,15.0,686,0.11235035307967513,,0.678205700000035,57.502244397580014,0.0,0.0,4.252377202188527,3.9810782459185337,3.00672129525182
425,A1F4,,dmas,False,False,geometry_informed,22.9,34.349999999999994,1,0.30476856131854513,0.2600521104252239,7.5,15.0,10.0,171,1.3430308594096365,,0.640536400000201,16.402360172962,0.006211180124223602,0.012345679012345678,1.7152403403047123,1.6424520522525068,2.390545044207601
279,A16F14,3.0,dmas,False,False,geometry_informed,57.0,85.5,1,3.2034265242573334,-82.3541772635027,10.0,15.0,15.0,1336,0.12954221559246804,,0.6937918999992689,97.59113300738277,0.0,0.0,7.2419554484388104,6.471396504453155,3.6715984522999907
248,A3F2,1.0,dmas,False,False,geometry_informed,56.9,85.35,1,-79.85897770020043,0.5224044423286499,7.5,-37.5,15.0,1332,0.08085209833752648,,0.6992708000016137,95.274835210564,0.0,0.0,8.459870917705587,7.4191266184417,7.859563242724567
157,A12F1,1.0,dmas,False,False,geometry_informed,39.0,58.5,1,3.229451112464397,-2.2296450907949548,-22.5,-22.5,15.0,219,1.2458285036417651,,0.7257093999996869,32.755029273286084,0.0,0.0,2.2900935586911917,2.2429201514571764,1.8678023702962394
88,A13F2,2.0,dmas,False,False,geometry_informed,43.8,65.69999999999999,1,-58.43220546592345,-4.157004241952136,22.5,-22.5,5.0,715,0.10185984411190252,,2.9932246999997005,82.9848623241505,0.0,0.0,3.69858473857989,3.468927587174221,2.9670017345236044
464,A11F14,4.0,dmas,False,False,geometry_informed,33.1,49.650000000000006,1,3.766804972479685,48.91072643807219,15.0,10.0,10.0,371,0.13051492113678936,,0.6704604999995354,40.499744474067946,0.0,0.0,3.3383381915504966,3.159344399926802,2.8105018820135115
18,A13F14,4.0,dmas,False,False,geometry_informed,43.8,65.69999999999999,1,-2.7002745818020117,63.03868562444209,7.5,-7.5,15.0,987,0.12906355667401148,,0.6662775000004331,71.27237733630068,0.0,0.0,4.643359543295956,4.202908546807933,3.0094813703627064
53,A16F12,2.0,dmas,False,False,geometry_informed,57.0,85.5,1,-1.7518578815914865,-82.55671340670831,22.5,37.5,5.0,1312,0.12721510992314222,,0.712082999998529,122.48170085661533,0.0,0.0,8.484342843280492,7.451493787726938,4.018089621233102
289,A15F14,3.0,dmas,False,False,geometry_informed,56.2,84.30000000000001,1,3.6983003648488038,-81.27727265528745,-22.5,-22.5,15.0,1287,0.10798575793842688,,0.7168844000007084,64.3515246346257,0.0,0.0,6.791805030554279,6.116584563707256,3.5113469178259873
324,A14F11,2.0,dmas,False,False,geometry_informed,45.4,68.1,1,-1.518656755352954,66.88882405381248,-22.5,-22.5,10.0,728,0.11184309510554889,,7.299566000001505,91.81818245899416,0.0,0.0,4.593759842322224,4.292366757660252,3.120152786333589
87,A13F2,2.0,dmas,False,False,geometry_informed,43.8,65.69999999999999,1,-62.82532586190857,-25.134350504435556,-22.5,0.0,10.0,533,0.12128339587964579,,0.674273999999059,47.51702306699076,0.0,0.0,4.070051544141441,3.8714705203026982,3.013220911025801
411,A1F3,,dmas,False,False,geometry_informed,22.9,34.349999999999994,1,-29.714398828947058,-0.8230001745971424,-10.0,-25.0,5.0,310,0.14843678137674682,,0.6998175999997329,31.19591065739737,0.0,0.0,2.611697322705308,2.3908418091857007,3.215752722483178
95,A11F1,1.0,dmas,False,False,geometry_informed,33.1,49.650000000000006,1,2.242459708795063,2.00267451536708,-17.5,-22.5,10.0,277,1.2873094157461134,,0.7020093000010093,31.46658185693857,0.0,0.0,1.5603559687922477,1.5096714653489305,1.4787914153931794
480,A13F11,2.0,dmas,False,False,geometry_informed,43.8,65.69999999999999,1,-2.9331558844274492,-63.75906583696766,-22.5,22.5,5.0,653,0.10850697535440053,,6.7888753000006545,88.45048234865335,0.0,0.0,4.0227699872143505,3.7848986793922124,2.859661918894945
383,A3F5,4.0,dmas,False,False,geometry_informed,56.9,85.35,1,-80.71838757459504,2.590748977768087,-7.5,37.5,15.0,1246,0.0887624591014259,,0.6702870000008261,81.11466011737221,0.0,0.0,10.473422240275184,8.927466211031206,11.11752940021186
317,A11F12,4.0,dmas,False,False,geometry_informed,33.1,49.650000000000006,1,-1.2514963272139594,48.39004220018745,7.5,-52.5,5.0,429,0.12581327437186599,,0.7135076000013214,101.26889602993036,0.0,0.0,3.0340361507497455,2.8532102949477336,2.608401394426942
363,A15F5,4.0,dmas,False,False,geometry_informed,56.2,84.30000000000001,1,-78.16789441775501,1.6460371835880232,-27.5,22.5,10.0,1512,0.1113939365823278,,0.6375993999990897,54.791635218134005,0.0,0.0,10.523756350435072,8.654410583320429,9.331588897338367
382,A3F5,4.0,dmas,False,False,geometry_informed,56.9,85.35,1,-79.3205192986824,2.6161041040912525,22.5,-52.5,5.0,1717,0.11094378548472446,,0.7320165999990422,115.78084073743108,0.0,0.0,10.802078771839764,8.653460954700265,9.960850944293899
489,A3F4,,dmas,False,False,geometry_informed,56.9,85.35,1,63.6081464123983,-63.69422546394749,-22.5,-37.5,10.0,386,0.18947730691963438,,0.7588832000001275,90.00416838255401,0.0,0.0,1.9475410605312102,1.91559416604172,0.7398612563898633
293,A15F14,3.0,dmas,False,False,geometry_informed,56.2,84.30000000000001,1,-1.1542552253231404,-81.8971745335572,7.5,-7.5,15.0,1103,0.11186649977109833,,0.7278394000004482,74.89883652021308,0.0,0.0,6.843471648289084,6.250314438911568,3.91669040283104
233,A15F13,2.0,dmas,False,False,geometry_informed,56.2,84.30000000000001,1,0.7095644089518964,-0.14078360802426726,22.5,-22.5,15.0,624,0.18842308879661965,,0.7843111000001954,31.22110889944193,0.026964560862865947,0.05251312828207052,2.2645674117182617,2.2008556083895785,1.1443487072128746
438,A2F12,3.0,dmas,False,False,geometry_informed,48.5,72.75,1,-0.6006005841470389,70.99122074267746,-22.5,22.5,15.0,860,0.11771262870033317,,0.7327389000001858,53.2069749552644,0.0,0.0,5.154585317447589,4.777869869034011,3.269981850779649
307,A11F3,2.0,dmas,False,False,geometry_informed,33.1,49.650000000000006,1,-44.24690369568391,-2.5554524953827267,-7.5,-22.5,15.0,378,0.17032120521452068,,0.6982840000000579,41.81052387119543,0.0,0.0,2.5665781485941848,2.438807844350819,2.175684612291809
210,A12F2,2.0,dmas,False,False,geometry_informed,39.0,58.5,1,-54.51259466408373,-27.09511253340972,22.5,7.5,10.0,550,0.17991211573036092,,0.7312961999996332,84.42607149508818,0.0,0.0,3.2833679867798775,3.093756059793949,2.7513716704522397
294,A15F14,3.0,dmas,False,False,geometry_informed,56.2,84.30000000000001,1,2.601476797425682,82.5872160786912,12.5,17.5,10.0,1038,0.10648075671595772,,0.7520167000002402,65.83560175517606,0.0,0.0,7.638353550388658,6.946866225505241,4.4509239953640565
378,A3F5,4.0,dmas,False,False,geometry_informed,56.9,85.35,1,-80.32134627400661,1.7170217103386551,-22.5,-37.5,5.0,1422,0.09893081806847746,,0.8002202999996371,69.86617834666322,0.0,0.0,11.567652661623196,9.415110202342714,11.4043471458718
310,A11F3,2.0,dmas,False,False,geometry_informed,33.1,49.650000000000006,1,-45.26142683158479,-8.981364513526668,17.5,-22.5,15.0,393,0.14587026380680396,,0.8762081999993825,64.20085827582454,0.0,0.0,2.9711197941342258,2.809842366739897,2.689988163520244
190,A15F1,1.0,dmas,False,False,geometry_informed,56.2,84.30000000000001,1,0.2810935143832677,-0.12418723603461411,22.5,22.5,15.0,813,0.13809011826170534,,0.6441742999995768,31.710150638363938,0.0438957475994513,0.08409986859395532,2.3592524144685636,2.2719782316243053,1.1229486511621238
367,A15F5,4.0,dmas,False,False,geometry_informed,56.2,84.30000000000001,1,-79.8854680396438,3.0087936043928907,37.5,22.5,10.0,1190,0.09440406196237099,,0.634158099999695,118.99266882309342,0.0,0.0,10.287965725845588,8.830358408835371,11.064907045793255
44,A16F13,2.0,dmas,False,False,geometry_informed,57.0,85.5,1,0.7165920518695024,1.6541575178952657,-7.5,7.5,10.0,361,0.44470736121788657,,0.6790809000012814,10.083960495382037,0.19576719576719576,0.3274336283185841,3.052392582775682,2.9986986424322377,1.2837396817850157
35,A11F11,3.0,dmas,False,False,geometry_informed,33.1,49.650000000000006,1,2.8321444303060885,-47.89807688242136,22.5,-22.5,5.0,376,0.11243201311122068,,0.6307879999985744,32.12299568900332,0.0,0.0,2.9748951565839885,2.82020527856014,2.4255865665346317
421,A1F4,,dmas,False,False,geometry_informed,22.9,34.349999999999994,1,-11.33311017489199,-3.9935847179706654,-15.0,20.0,10.0,85,0.32876008070807317,,0.6661158000006253,24.272169013252938,0.0,0.0,0.7538976847179307,0.7396395670696203,0.732616191193141
258,A14F14,4.0,dmas,False,False,geometry_informed,45.4,68.1,1,-4.240889492122028,-65.37738829450196,-30.0,-7.5,10.0,882,0.1239755582360912,,0.6854249999996682,63.350799915625544,0.0,0.0,4.589441493827369,4.227416477291523,2.875570942923095
72,A13F4,3.0,dmas,False,False,geometry_informed,43.8,65.69999999999999,1,0.2975128515281979,-0.200622689689421,-30.0,-7.5,10.0,485,1.0279456481639735,,3.87316009999995,31.16440588406577,0.0,0.0,2.191988744607475,2.114507527187085,1.5681377093798596
276,A16F14,3.0,dmas,False,False,geometry_informed,57.0,85.5,1,1.0798013397915849,82.89083747235757,7.5,37.5,15.0,1196,0.11726677736941396,,0.7018083999992086,45.84263383880253,0.0,0.0,7.976583744180953,7.136973841430664,4.06297779692645
342,A11F11,3.0,dmas,False,False,geometry_informed,33.1,49.650000000000006,1,-2.1227073935591565,48.58892642893349,7.5,-22.5,10.0,432,0.12792610296453866,,0.658215299999938,71.73724247836947,0.0,0.0,3.2146014248504624,3.017506457880187,2.6562853962909827
231,A2F13,3.0,dmas,False,False,geometry_informed,48.5,72.75,1,0.2919872658970239,0.0459673234487035,7.5,0.0,10.0,504,0.9653179072758761,,0.6891481999991811,7.2081593052467765,0.3969335604770017,0.5682926829268292,2.7729063136593926,2.683320058517741,2.0042231948343456
54,A12F11,2.0,dmas,False,False,geometry_informed,39.0,58.5,1,1.186814760560492,54.83375227861564,-22.5,-22.5,15.0,627,0.1367901801250556,,0.6519589999988966,80.88000021631674,0.0,0.0,3.554633353428395,3.3136534182760187,2.764595194372374
365,A15F5,4.0,dmas,False,False,geometry_informed,56.2,84.30000000000001,1,-78.86841509678325,1.1533934752483193,37.5,-22.5,15.0,1514,0.08952284767218198,,0.6927797999996983,118.74801495196529,0.0,0.0,9.646078522450521,8.09123405452726,8.255505420075028
442,A2F14,4.0,dmas,False,False,geometry_informed,48.5,72.75,1,0.7813804382612233,71.33373851231798,-37.5,-10.0,10.0,768,0.10512011493239055,,0.7228111000003992,89.89238626629624,0.0,0.0,4.68046251878074,4.391186678654964,3.2218773883288327
93,A11F1,1.0,dmas,False,False,geometry_informed,33.1,49.650000000000006,1,-0.43834369676030155,-1.339549626831606,7.5,-37.5,15.0,170,1.335176877775662,,0.7095186999995349,37.021554152118846,0.0,0.0,2.01566657909516,1.97312921055333,2.0295715518600455
177,A1F1,,dmas,False,False,geometry_informed,22.9,34.349999999999994,1,1.8232454243878842,0.3648865621145305,5.0,-27.5,5.0,186,0.5706408530934585,,0.6771704000002501,28.04538594409397,0.0,0.0,1.7620400537541627,1.6803221850538974,1.7894989540500874
355,A16F5,4.0,dmas,False,False,geometry_informed,57.0,85.5,1,-77.9107214629644,1.2128353031941481,12.5,2.5,15.0,1798,0.1262754185437676,,0.7020795999997063,90.4198835898965,0.0,0.0,10.466435625885103,8.382309569896476,8.40535113209523
399,A2F5,4.0,dmas,False,False,geometry_informed,48.5,72.75,1,-68.94380435438815,1.3265864763123782,-10.0,-15.0,10.0,1093,0.10032902177863094,,7.222213099999863,61.16313839018477,0.0,0.0,8.385836771872388,7.252376045979578,7.825903952252143
358,A16F5,4.0,dmas,False,False,geometry_informed,57.0,85.5,1,-79.93672810281865,3.947217187656541,17.5,17.5,15.0,1474,0.11519101426959671,,0.7215844000002107,98.37476254274345,0.0,0.0,11.029809368761383,9.038442413803127,11.484227709533116
46,A16F13,2.0,dmas,False,False,geometry_informed,57.0,85.5,1,0.8670926488104532,-1.9892177941341493,7.5,-37.5,5.0,450,0.8014266973443349,,0.7652158999990206,36.1249375473772,0.0,0.0,3.558739841931471,3.4756948796536395,1.3492175516374556
381,A3F5,4.0,dmas,False,False,geometry_informed,56.9,85.35,1,-80.02771003656693,6.701633322336972,22.5,-52.5,10.0,1620,0.06287823547388925,,0.6821699000010994,118.39241831035798,0.0,0.0,10.337103657249356,8.47027499276955,9.604631606199826
439,A2F12,3.0,dmas,False,False,geometry_informed,48.5,72.75,1,1.498891877282648,-70.82034514503697,-22.5,22.5,10.0,774,0.10594136583029987,,0.6851114999990386,96.35680375212912,0.0,0.0,4.377816043821413,4.115217304247374,2.8328654966140228
375,A3F5,4.0,dmas,False,False,geometry_informed,56.9,85.35,1,-80.66879243681844,5.49889588463094,7.5,-52.5,15.0,1263,0.09628555707452034,,0.6747013999993214,105.53486572504383,0.0,0.0,10.646705725128236,9.02471430753707,10.962247514296646
169,A1F1,,dmas,False,False,geometry_informed,22.9,34.349999999999994,1,-0.11744171524785692,-0.5024310723923701,-7.5,-10.0,10.0,177,1.323169303237105,,0.6251231000005646,12.0293799658345,0.10810810810810811,0.1951219512195122,1.6782317055846736,1.6048537817633344,2.2605144932906582
207,A12F2,2.0,dmas,False,False,geometry_informed,39.0,58.5,1,-54.76925276940794,-2.734279258161494,7.5,-37.5,10.0,673,0.09784311425174376,,0.7185642999993433,71.31700483867728,0.0,0.0,4.036532455047951,3.7260819571928447,4.170589886387909
346,A11F11,3.0,dmas,False,False,geometry_informed,33.1,49.650000000000006,1,2.4177263183623245,48.627664346181724,-7.5,-22.5,5.0,435,0.1275729005868571,,0.6505520999999135,71.81577772794101,0.0,0.0,3.921489603580767,3.6579868065588967,2.95643742959035
339,A11F11,3.0,dmas,False,False,geometry_informed,33.1,49.650000000000006,1,0.8800458772601264,-47.84706521210966,12.5,-22.5,15.0,472,0.13709612911375577,,0.7033831000007922,27.883634065191703,0.0,0.0,2.9303252614266646,2.740902133735438,2.3040891430632575
151,A12F1,1.0,dmas,False,False,geometry_informed,39.0,58.5,1,-0.6331825438590533,0.1312054700676419,7.5,-37.5,10.0,387,1.306956578273851,,0.69903659999909,38.50008160279901,0.0,0.0,2.073736836821289,2.000481788926494,1.7090310235515156
103,A13F1,1.0,dmas,False,False,geometry_informed,43.8,65.69999999999999,1,1.288823383708882,-0.8422398948961607,-22.5,22.5,15.0,442,0.6562306015532555,,0.7111652000003232,33.32819048931665,0.0,0.0,2.1046677247707732,2.0375223865755827,1.4412801023663684
121,A14F1,1.0,dmas,False,False,geometry_informed,45.4,68.1,1,0.21622527663326985,0.811001722657386,22.5,22.5,10.0,449,1.3354557173603003,,0.7065210999990086,31.09629016774073,0.0,0.0,2.519396711548393,2.439627967183399,1.8290233387474877
262,A14F14,4.0,dmas,False,False,geometry_informed,45.4,68.1,0,-6.374304607562816,65.78273371721528,37.5,-7.5,15.0,964,0.1470696654353245,,0.8127594000015961,85.41260835418555,0.0,0.0,4.810217165748657,4.386000870842963,2.6285591972150177
70,A2F11,2.0,dmas,False,False,geometry_informed,48.5,72.75,1,-3.3771233403635224,-68.24245517113569,-7.5,7.5,5.0,1101,0.09632050769912107,,0.7868883000010101,75.85458211144581,0.0,0.0,4.062541709092731,3.73277605707212,2.4303561286027042
206,A12F2,2.0,dmas,False,False,geometry_informed,39.0,58.5,1,-55.33510799442831,-2.203859096490868,-22.5,-7.5,15.0,357,0.3451980847434768,,0.7100195999992138,33.259486247920194,0.0,0.0,2.471267019822166,2.3867396130906706,1.699073732951364
417,A1F3,,dmas,False,False,geometry_informed,22.9,34.349999999999994,1,-29.634563151756673,2.587821824977227,-2.5,-30.0,15.0,290,0.1423534171157875,,0.6899027000017668,42.40578555731674,0.0,0.0,2.614355724264989,2.407141193706253,3.186752428148146
187,A16F1,1.0,dmas,False,False,geometry_informed,57.0,85.5,1,3.891806674972986,-1.2970121281683173,22.5,7.5,15.0,526,0.185042718377227,,0.8512317000004259,20.582815191433856,0.11462093862815885,0.20566801619433198,2.206043987208235,2.1552325748151677,1.0203008508620177
320,A2F3,,dmas,False,False,geometry_informed,48.5,72.75,1,-59.90185631592655,-14.910055151663245,7.5,-37.5,10.0,600,0.10983949607562939,,0.7884613000005629,71.08667837987441,0.0,0.0,2.6286163409776373,2.5294609246674726,1.0618401254086127
455,A12F13,4.0,dmas,False,False,geometry_informed,39.0,58.5,1,0.5866921906637304,1.3697426594470543,-22.5,-7.5,10.0,415,0.5320930318293089,,0.6986551000009058,24.731916447199733,0.0,0.0,1.8730036929636598,1.8037621446442418,1.6276944609584365
30,A11F11,3.0,dmas,False,False,geometry_informed,33.1,49.650000000000006,1,-11.69775241711302,48.09350337078897,7.5,-37.5,15.0,406,0.1250354492066911,,0.7758353000008356,87.72001776763403,0.0,0.0,2.9321000952071996,2.768538815106715,2.3684270584367795
492,A15F3,2.0,dmas,False,False,geometry_informed,56.2,84.30000000000001,1,-78.50420514897581,2.4799902751150222,-22.5,-10.0,5.0,1580,0.07095052394283716,,0.8048318000001018,57.37788033411076,0.0,0.0,9.086109682943123,7.66129354061545,7.692514289790041
90,A11F1,1.0,dmas,False,False,geometry_informed,33.1,49.650000000000006,1,-0.8226268182700719,-1.1088907814194133,7.5,-37.5,10.0,176,1.382300767579509,,0.6049942999998166,37.3306703303711,0.0,0.0,1.9627767777037528,1.9201740268701817,1.9630284066804782
241,A16F2,1.0,dmas,False,False,geometry_informed,57.0,85.5,1,-79.59068328854167,0.7175082633780904,-22.5,-22.5,15.0,1398,0.10054592453740827,,0.7349973000000318,61.631151281739015,0.0,0.0,8.911043440154272,7.703671323953477,8.743731662437776
84,A14F12,3.0,dmas,False,False,geometry_informed,45.4,68.1,1,-12.15650097098445,-61.01788692852448,22.5,7.5,5.0,802,0.1267319203349436,,6.522384600000805,76.7839429093213,0.0,0.0,3.4149380128586797,3.201648661268478,1.9876901311328579
34,A11F11,3.0,dmas,False,False,geometry_informed,33.1,49.650000000000006,1,6.638243262185642,-48.08315228838573,7.5,-37.5,5.0,389,0.11190948396295228,,0.605780699999741,10.61817955368681,0.0,0.0,2.9959044830310377,2.8344283062983444,2.5038649496539005
98,A11F1,1.0,dmas,False,False,geometry_informed,33.1,49.650000000000006,1,24.710565830668607,38.15748439997532,7.5,-22.5,10.0,242,0.09706858465558811,,0.6956436000000394,63.05183573810541,0.0,0.0,1.1934351332877475,1.1609724312830942,1.032348882572264
498,A15F12,2.0,dmas,False,False,geometry_informed,56.2,84.30000000000001,1,3.751562129396418,-81.32909412204152,7.5,-22.5,15.0,1255,0.12514021123603064,,0.6917938999995386,58.94839354630282,0.0,0.0,6.95537010875791,6.266120512505323,3.5524522718321623
323,A14F11,2.0,dmas,False,False,geometry_informed,45.4,68.1,1,3.09760866574416,66.63932089451245,-7.5,-37.5,10.0,650,0.09579823723181485,,0.658241299999645,104.67715828108103,0.0,0.0,3.9708287256137935,3.754681789540601,2.837601498217761
326,A12F3,2.0,dmas,False,False,geometry_informed,39.0,58.5,1,15.973808039431226,-0.9207371541915249,-17.5,-22.5,15.0,321,0.8232255035121009,,0.7004288000007364,39.826629403317334,0.0,0.0,1.8995235445436518,1.8449369600686576,1.3335956884189026
335,A13F3,2.0,dmas,False,False,geometry_informed,43.8,65.69999999999999,1,20.726402388816542,0.08163636020789786,22.5,-37.5,5.0,437,0.5077204103619599,,0.7249283999990439,37.62346395532043,0.0,0.0,2.045327317927193,1.9812644422805503,1.0192277437132264
214,A14F13,3.0,dmas,False,False,geometry_informed,45.4,68.1,1,2.2136037785156524,-0.1728352413850433,22.5,-37.5,10.0,391,0.5116046345496081,,0.7257597000007081,42.483586248948434,0.0,0.0,2.4085424150144514,2.3429478935935215,1.6810987393678056
468,A2F14,4.0,dmas,False,False,geometry_informed,48.5,72.75,1,1.566887334072251,-70.56070431910196,-22.5,-22.5,15.0,858,0.11666752496451016,,0.7359919999998965,53.74984991233997,0.0,0.0,5.642603353461623,5.205530818990543,3.1549601037570194
156,A12F1,1.0,dmas,False,False,geometry_informed,39.0,58.5,1,0.12200598556604046,-1.1072578116473966,-7.5,-37.5,5.0,340,0.651206524749599,,0.6203320000004169,37.18234338004941,0.0,0.0,2.190441656655275,2.121432422144183,1.754776136761656
120,A14F1,1.0,dmas,False,False,geometry_informed,45.4,68.1,1,0.19444567567404622,-0.8184502473186869,-22.5,-22.5,15.0,402,0.6674172264463453,,0.7134638000006817,31.386740260882707,0.0,0.0,2.4632119515790256,2.3937958140380435,1.8079154391782575
196,A15F1,1.0,dmas,False,False,geometry_informed,56.2,84.30000000000001,1,-0.29226441933627384,1.14460005344727,7.5,22.5,5.0,739,0.157268503852926,,0.7544640999985859,22.73263054857661,0.0225,0.044009779951100246,2.480660543364794,2.3959393724370517,1.179208396314477
297,A15F14,3.0,dmas,False,False,geometry_informed,56.2,84.30000000000001,1,3.708599919664571,-81.34074751225468,-7.5,-27.5,10.0,1253,0.1249407846045788,,0.7894254000002547,54.995079823903005,0.0,0.0,6.9843238952384095,6.2907609911442375,3.5712012221414575
394,A2F5,4.0,dmas,False,False,geometry_informed,48.5,72.75,1,-69.23522665759904,1.6578478796548666,22.5,-22.5,15.0,1016,0.10422393913623608,,0.7585947000006854,94.86281370535883,0.0,0.0,8.285348355844299,7.248033090100985,8.280887179382994
329,A12F3,2.0,dmas,False,False,geometry_informed,39.0,58.5,1,-55.02678845371003,-13.856704695927716,-7.5,-27.5,15.0,355,0.11612509288050568,,0.739903100000447,49.44628527480933,0.0,0.0,3.108558941698127,2.9942825037166503,2.509393813316999
386,A3F5,4.0,dmas,False,False,geometry_informed,56.9,85.35,1,-80.31409176646692,-4.021900618851983,22.5,37.5,5.0,1407,0.10621445750674835,,0.7941933000001882,110.88194486373921,0.0,0.0,10.890724272605945,9.025959079361417,11.69504190236903
341,A11F11,3.0,dmas,False,False,geometry_informed,33.1,49.650000000000006,1,8.708187022976313,-47.73545746213639,7.5,-22.5,15.0,440,0.1265814214490977,,0.6839340000005905,25.264362829997978,0.0,0.0,2.997680346696627,2.815325629727889,2.326191262082498
357,A16F5,4.0,dmas,False,False,geometry_informed,57.0,85.5,1,-80.01326540918424,-1.6377281713073926,22.5,12.5,5.0,1492,0.10429103415708374,,0.6754309000007197,103.48354914042922,0.0,0.0,10.803015505712771,8.882019555760394,11.42820603616036
349,A16F5,4.0,dmas,False,False,geometry_informed,57.0,85.5,1,-77.92902553996201,1.0380059748739914,22.5,37.5,10.0,1789,0.12744465435991248,,0.7495926999999938,106.84318499181249,0.0,0.0,10.518007552841965,8.42057144714712,8.502542040227002
74,A13F4,3.0,dmas,False,False,geometry_informed,43.8,65.69999999999999,1,0.40835353147126735,0.1000457944105618,-22.5,7.5,5.0,482,1.201545454497346,,0.7259884999984934,24.073885929938545,0.0,0.0,2.180902442826603,2.1043872866089415,1.5522487087551544
200,A3F1,,dmas,False,False,geometry_informed,56.9,85.35,1,0.5035603152939987,-0.2769983893409187,7.5,22.5,10.0,513,0.8324571442621714,,0.6628347000005306,23.8273335455264,0.0,0.0,3.1809380928753983,3.1003461916859716,1.396599396356304
50,A3F13,2.0,dmas,False,False,geometry_informed,56.9,85.35,1,0.9166333404305469,-0.27878735043382163,-22.5,37.5,5.0,440,0.5420255926201388,,0.6701057000009314,44.447446390872244,0.0,0.0,3.0002179797098028,2.9363965726965287,1.099542917518983
454,A12F13,4.0,dmas,False,False,geometry_informed,39.0,58.5,1,0.6634775300541388,1.3900128300381789,37.5,7.5,10.0,406,0.5535966221169514,,0.6425942000005307,37.33980892955834,0.0,0.0,1.8941616586562604,1.8254730114152724,1.649631703576842
286,A15F14,3.0,dmas,False,False,geometry_informed,56.2,84.30000000000001,1,-1.2758202566223784,81.69243377405431,-37.5,-7.5,10.0,1295,0.12768597592444922,,0.6843645999997534,96.26775909212591,0.0,0.0,7.838245854572849,6.947734836411046,3.9160988312527905
306,A11F3,2.0,dmas,False,False,geometry_informed,33.1,49.650000000000006,1,-45.68774077515343,1.6004760505342215,-7.5,-22.5,5.0,482,0.12179996855197413,,0.6742653000001155,45.15679894957889,0.0,0.0,3.119857465236453,2.909352306243554,3.201770529142451
478,A13F11,2.0,dmas,False,False,geometry_informed,43.8,65.69999999999999,1,1.7440409911013652,64.47101685677265,-7.5,-37.5,10.0,660,0.10967014354349822,,0.6406165999997029,102.38916237888351,0.0,0.0,4.35213758632014,4.081389732476608,3.2294357880084523
229,A2F13,3.0,dmas,False,False,geometry_informed,48.5,72.75,1,0.08106944220866118,0.2345703003709501,7.5,-37.5,5.0,502,1.2168823395849353,,0.7001683999988018,38.45696720199042,0.0,0.0,2.7837101810907674,2.6940096423665243,2.021200427346904
304,A11F3,2.0,dmas,False,False,geometry_informed,33.1,49.650000000000006,1,-45.207041516021974,13.924913290906762,7.5,-22.5,10.0,370,0.17287169569128844,,0.6814957000005961,64.06876410249959,0.0,0.0,2.6885164302306572,2.5555491190851014,2.3604718782112144
354,A16F5,4.0,dmas,False,False,geometry_informed,57.0,85.5,1,-77.91461005359447,1.2409328677699762,22.5,-52.5,5.0,1788,0.12737341643125963,,0.674861299999975,113.89109613009084,0.0,0.0,10.458744965605653,8.387042793905225,8.41313702544053
422,A1F4,,dmas,False,False,geometry_informed,22.9,34.349999999999994,1,-11.18630055544584,-5.2963774470172185,5.0,0.0,10.0,83,0.3576847602852577,,0.6731206999993447,17.03079386677259,0.0,0.0,0.79718787041275,0.7823909419595892,0.7787367335855094
487,A16F11,2.0,dmas,False,False,geometry_informed,57.0,85.5,1,2.598910274150805,-82.68010379796507,-22.5,-22.5,5.0,1258,0.12265961804194442,,0.695622999999614,65.2042957947076,0.0,0.0,8.188003345885315,7.262029809884018,4.401095611402715
245,A16F2,1.0,dmas,False,False,geometry_informed,57.0,85.5,1,-78.84723248209768,-1.1416187399762852,-22.5,-37.5,15.0,1524,0.08857046510016593,,0.6671618999989732,67.05924616516955,0.0,0.0,8.523243946064516,7.333536211050094,7.339448452910206
321,A2F3,,dmas,False,False,geometry_informed,48.5,72.75,1,23.753319035664607,0.03892479631029481,-22.5,22.5,5.0,530,0.3548498282066366,,0.6712587000001804,51.41857078061173,0.0,0.0,2.1510056629600594,2.0832615727170105,0.8443632937906933
261,A14F14,4.0,dmas,False,False,geometry_informed,45.4,68.1,1,-4.484703532884599,66.35873702550096,7.5,-45.0,15.0,867,0.1218671303749332,,0.6574850999986666,112.00179208693856,0.0,0.0,5.140521651559872,4.714079205767385,3.4763273070143277
99,A11F1,1.0,dmas,False,False,geometry_informed,33.1,49.650000000000006,1,0.46333229782921403,-0.7727650134452139,20.0,-7.5,5.0,221,1.312461203106511,,0.626606300000276,20.66245569794089,0.0,0.0,2.5827916276696854,2.507009784296706,2.367096560737039
140,A2F1,1.0,dmas,False,False,geometry_informed,48.5,72.75,1,-59.793942302671326,60.015538202973204,7.5,-22.5,10.0,206,0.3058450314931462,,0.6426508000004105,106.47670503711873,0.0,0.0,2.9957794580639425,2.9548477658976733,1.946735281612575
208,A12F2,2.0,dmas,False,False,geometry_informed,39.0,58.5,1,14.521231737399042,-0.27109973436364226,37.5,-7.5,5.0,321,0.4469589991367639,,0.7243452000002435,24.08901803554546,0.0,0.0,1.9501400032007463,1.8937588089820077,1.2709329513842167
474,A3F11,2.0,dmas,False,False,geometry_informed,56.9,85.35,1,2.5209444663223,82.51827018439266,22.5,22.5,15.0,1382,0.13326113357819827,,7.042799599999853,63.256267799677644,0.0,0.0,8.28433020045971,7.253218329664445,3.8604687481356588
102,A11F1,1.0,dmas,False,False,geometry_informed,33.1,49.650000000000006,1,2.218169367617339,0.5951508640630112,7.5,7.5,5.0,284,0.5865958669424729,,0.6729085999995732,8.693369681500126,0.17475728155339806,0.2975206611570248,1.5373480058058278,1.486294549032556,1.4279064398767847
450,A12F13,4.0,dmas,False,False,geometry_informed,39.0,58.5,1,2.665402468934269,-0.8076576734555031,-7.5,-37.5,10.0,349,0.5929777372108371,,0.6719567000000097,38.07444540323265,0.0,0.0,2.0127802305233207,1.9490731876197855,1.754311233075384
477,A13F11,2.0,dmas,False,False,geometry_informed,43.8,65.69999999999999,1,5.445022617571521,63.91175559341455,-7.5,-37.5,15.0,717,0.1093868777148627,,0.7005166000017198,102.23462125477789,0.0,0.0,3.977566134001745,3.7214041436253997,2.8700010436763717
281,A16F14,3.0,dmas,False,False,geometry_informed,57.0,85.5,1,0.905883939085602,83.0275276357591,7.5,7.5,5.0,1159,0.11491938787749559,,0.7501054000003933,75.81483889975078,0.0,0.0,7.879874777749371,7.083477647457823,3.612631918425286
385,A3F5,4.0,dmas,False,False,geometry_informed,56.9,85.35,1,-80.41008590274033,10.060101679340661,22.5,37.5,10.0,1400,0.10465745901310435,,0.7403512000000774,106.50555760314819,0.0,0.0,12.059583184816574,9.721870172055445,11.630341736268289
69,A2F11,2.0,dmas,False,False,geometry_informed,48.5,72.75,1,3.744003909412361,71.26571611937523,15.0,-7.5,10.0,718,0.09892827179849442,,0.725999000000229,79.56591910981317,0.0,0.0,4.407104052894405,4.160452304415492,2.779446577577762
461,A12F13,4.0,dmas,False,False,geometry_informed,39.0,58.5,1,1.408444610024935,0.29557307407854605,10.0,-22.5,15.0,426,0.5689524797233508,,0.724554000000353,24.360890291503395,0.03024747937671861,0.05871886120996441,1.8619806658454068,1.7914287869196288,1.619066147573594
457,A12F13,4.0,dmas,False,False,geometry_informed,39.0,58.5,0,-44.253174133052944,-43.93518857881688,-17.5,17.5,15.0,218,0.2223414328325866,,0.7283191999995324,67.00757212366558,0.0,0.0,2.101870012941956,2.0597474971430287,1.694291782334598
497,A15F4,2.0,dmas,False,False,geometry_informed,56.2,84.30000000000001,1,63.87700963402929,-62.77624348968059,37.5,7.5,5.0,361,0.19634954084936204,,3.8691940999997314,75.06328687350792,0.0,0.0,1.9731176546536524,1.9420297345193398,0.7455526352822079
155,A12F1,1.0,dmas,False,False,geometry_informed,39.0,58.5,1,-52.23494236927733,-51.898437706551164,-7.5,22.5,5.0,221,0.5833160902695604,,0.8254329999999754,86.8121109175335,0.0,0.0,3.768993370476561,3.674776615552777,3.2115995565977404
370,A15F5,4.0,dmas,False,False,geometry_informed,56.2,84.30000000000001,1,-79.80159442203023,1.6652033299111513,22.5,12.5,10.0,1204,0.0895679650232265,,0.8093213000011019,102.87375292158703,0.0,0.0,10.22365444316568,8.771799766364962,11.025285179326447
106,A13F1,1.0,dmas,False,False,geometry_informed,43.8,65.69999999999999,1,-0.08011750573110092,-1.2740525965277696,-7.5,-37.5,5.0,445,0.7388076262901085,,0.7553197999986878,36.97801943733459,0.0,0.0,2.124673988738742,2.056270153576901,1.475509524518679
265,A14F14,4.0,dmas,False,False,geometry_informed,45.4,68.1,1,-0.03828900872433514,-65.60495422026715,2.5,12.5,15.0,862,0.129694465698179,,0.7520779000005859,78.14618854967807,0.0,0.0,4.896985643919984,4.50475956334298,3.0372510589851833
176,A1F1,,dmas,False,False,geometry_informed,22.9,34.349999999999994,1,-0.27080737463018445,1.560821197329896,5.0,-27.5,15.0,178,1.3306448360237555,,0.6750349999983882,29.534940985951447,0.0,0.0,1.4453685737899007,1.3835132661916858,1.9194294364676652
264,A14F14,4.0,dmas,False,False,geometry_informed,45.4,68.1,1,-0.6903518798394906,66.88100876527892,7.5,-52.5,5.0,726,0.11153583385525893,,0.6603605999989668,119.66163594791438,0.0,0.0,4.591441365165887,4.291085741286112,3.1117380420391263
308,A11F3,2.0,dmas,False,False,geometry_informed,33.1,49.650000000000006,1,-45.52437343698603,-8.977489306827945,-7.5,-7.5,10.0,385,0.14290089456900643,,0.7589717000009841,38.0530675495046,0.0,0.0,2.9827969571765287,2.823900174785059,2.7098447896858877
105,A13F1,1.0,dmas,False,False,geometry_informed,43.8,65.69999999999999,1,0.7278759798173564,-0.8935892510817399,-7.5,-47.5,10.0,474,1.0589261637699996,,0.6996284999986528,47.327111321484,0.0,0.0,2.0849485794437377,2.0138240601018302,1.4311545671726138
109,A13F1,1.0,dmas,False,False,geometry_informed,43.8,65.69999999999999,1,0.33704525629973253,0.7482704490500459,-22.5,-7.5,10.0,325,0.966643893412244,,0.6145498000005318,24.280951411321475,0.0,0.0,2.8304393507298324,2.757732610203283,1.8805212296339806
92,A11F1,1.0,dmas,False,False,geometry_informed,33.1,49.650000000000006,1,0.32090920357955377,-0.0006604057196929969,-22.5,7.5,5.0,187,1.332149265807917,,0.6144158999995852,24.021944205246026,0.0,0.0,2.2798642799823057,2.225245415726801,2.364318174215135
322,A14F11,2.0,dmas,False,False,geometry_informed,45.4,68.1,1,9.121920885236392,66.70917063436632,22.5,-37.5,15.0,668,0.10334669831199665,,0.570123200001035,105.06438142921391,0.0,0.0,3.9406823350213402,3.721199168929728,2.788803104277278
404,A1F3,,dmas,False,False,geometry_informed,22.9,34.349999999999994,1,-30.593794407685976,-10.427423214013308,-22.5,-7.5,5.0,257,0.20669166386497967,,0.6679277999992337,8.606934099191928,0.0,0.0,2.532442070540731,2.355768872347695,3.056606386302257
331,A12F3,2.0,dmas,False,False,geometry_informed,39.0,58.5,1,-54.319298176056876,-1.0632421076734602,-22.5,-37.5,5.0,487,0.09636908681646694,,0.6089468999998644,48.37463242362506,0.0,0.0,3.6211273936183366,3.42772259964567,3.2937175652890947
259,A14F14,4.0,dmas,False,False,geometry_informed,45.4,68.1,1,-1.6760151473766685,-65.50803967520697,-22.5,-37.5,10.0,878,0.1311923115268413,,0.6870803000001615,34.90112650890017,0.0,0.0,4.870545787708858,4.474788783616375,3.035998579734746
173,A1F1,,dmas,False,False,geometry_informed,22.9,34.349999999999994,1,0.01580292813723372,2.250531368207286,0.0,-22.5,10.0,171,1.2181685799633892,,0.7011509000003571,24.75053641320023,0.0,0.0,1.4416647806014151,1.3824031881387602,1.8816997212744513
388,A3F5,4.0,dmas,False,False,geometry_informed,56.9,85.35,1,-79.32903054983984,2.7112109072493418,-22.5,-10.0,10.0,1503,0.10913955617477485,,0.6970928000009735,58.23326880712781,0.0,0.0,10.490236652456787,8.677658560374578,9.736176002212671
181,A1F1,,dmas,False,False,geometry_informed,22.9,34.349999999999994,1,-0.772223600231262,-0.2694473815411755,7.5,-22.5,10.0,178,1.398008730847458,,0.6655137999987346,23.71976292070158,0.0,0.0,1.4891127011411314,1.4250616871901438,2.080684915588636
213,A14F13,3.0,dmas,False,False,geometry_informed,45.4,68.1,1,1.1691884440309759,1.0972006646574155,7.5,-52.5,10.0,368,0.9437600787926889,,0.6644668999997521,53.96979798039589,0.0,0.0,2.4363801963921823,2.3736905797090455,1.7037382856481786
356,A16F5,4.0,dmas,False,False,geometry_informed,57.0,85.5,1,-79.92864985538482,1.0985877570393685,17.5,2.5,10.0,1475,0.10608386172580629,,0.628337799998917,97.4387282804835,0.0,0.0,10.830122833662001,8.916340941165062,11.154032371022462
408,A1F3,,dmas,False,False,geometry_informed,22.9,34.349999999999994,1,-30.54467416380014,-10.097785975190403,-7.5,5.0,5.0,257,0.20669166386497967,,0.6621704999997746,27.549957326071734,0.0,0.0,2.3901678537125166,2.226141379098521,2.815463184304781
126,A14F1,1.0,dmas,False,False,geometry_informed,45.4,68.1,1,0.5680688847148058,-0.40019932764828414,22.5,7.5,10.0,404,0.7369449453042685,,0.6183199000006425,23.311429640032575,0.0,0.0,2.4589926687425305,2.38938917627879,1.8141318379233156
178,A1F1,,dmas,False,False,geometry_informed,22.9,34.349999999999994,1,-0.9155733802021099,-0.049190073683433685,15.0,-7.5,5.0,178,1.3306448360237555,,0.6890242999998009,17.573276432660347,0.0,0.0,1.5116163782860723,1.4464275998852705,2.0760313288701013
128,A14F1,1.0,dmas,False,False,geometry_informed,45.4,68.1,1,1.2638492614795998,0.5547545486503239,22.5,-22.5,15.0,426,1.2670470725957415,,0.739964799999143,31.344789128141752,0.0,0.0,2.5828450165031827,2.5046180735511725,1.8443658476838876
11,A13F14,4.0,dmas,False,False,geometry_informed,43.8,65.69999999999999,1,-1.3010293414233383,63.835952822861564,7.5,-17.5,10.0,826,0.13626105502337582,,0.7159602000010636,81.81072875284364,0.0,0.0,4.623197022673733,4.2541251917870415,3.2089522761182576
40,A3F12,2.0,dmas,False,False,geometry_informed,56.9,85.35,1,2.933764908072701,82.61483262398237,22.5,-22.5,15.0,1329,0.1267423031705738,,6.733119700000316,106.92037033811843,0.0,0.0,8.331269434347291,7.324159814003038,3.7337529821295226
226,A2F13,3.0,dmas,False,False,geometry_informed,48.5,72.75,1,-1.529907572587576,-0.6345640243390713,-22.5,-22.5,15.0,215,1.080707872834889,,0.6542542999995931,30.29590841714351,0.0,0.0,2.8039978167240194,2.7649725510317507,1.7822827869227549
184,A16F1,1.0,dmas,False,False,geometry_informed,57.0,85.5,1,0.1283013764996529,0.013756159538896261,7.5,-37.5,10.0,622,0.16909210431868912,,0.7094121999998606,38.231189385017295,0.0,0.0,2.2229089338126555,2.1623054816873997,0.9876664213807274
496,A15F4,2.0,dmas,False,False,geometry_informed,56.2,84.30000000000001,1,-58.95943937748536,-61.44543292595688,37.5,7.5,10.0,335,0.1473944944438333,,3.8467994000002363,118.56599920030358,0.0,0.0,1.6681951557099597,1.6446829117360546,0.5503335998007439
21,A13F14,4.0,dmas,False,False,geometry_informed,43.8,65.69999999999999,1,3.457309612812685,64.0055279630974,-7.5,37.5,10.0,773,0.12751791226763862,,0.6909779999987222,28.681102603518852,0.0,0.0,4.577098343145926,4.236157169548896,3.239571385132831
273,A16F14,3.0,dmas,False,False,geometry_informed,57.0,85.5,1,-4.819972499938587,-82.36382327284015,7.5,-52.5,10.0,1340,0.12849834119258638,,0.7482462999996642,32.30525751128865,0.0,0.0,7.578238270711779,6.7358847904984405,3.4974274022409166
390,A3F5,4.0,dmas,False,False,geometry_informed,56.9,85.35,1,-79.25236812813692,2.206650147792432,-22.5,-7.5,5.0,1523,0.11329901223452987,,0.8574879000007058,57.576473886850785,0.0,0.0,10.715685553634515,8.796841779096864,9.906738601243973
384,A3F5,4.0,dmas,False,False,geometry_informed,56.9,85.35,1,-80.4851360723693,0.5555660627036494,-7.5,37.5,10.0,1353,0.09684553768335769,,0.7331692000007024,81.80294179581513,0.0,0.0,10.655993620315783,8.935284160988209,10.951738684641677
257,A14F14,4.0,dmas,False,False,geometry_informed,45.4,68.1,1,3.1380891036843623,-66.00269972125433,22.5,-37.5,15.0,773,0.1187564732370732,,0.7379008999996586,34.45703824992592,0.0,0.0,4.759122840704663,4.421501055267756,3.072928155677995
333,A13F3,2.0,dmas,False,False,geometry_informed,43.8,65.69999999999999,1,-58.33687934865752,15.034720910078912,-7.5,-37.5,10.0,655,0.1542507215457967,,0.7488603000001604,73.10461820575937,0.0,0.0,3.042705090888666,2.8824753111466745,1.96254575603688
396,A2F5,4.0,dmas,False,False,geometry_informed,48.5,72.75,1,-69.19374806441316,2.5664931028579874,22.5,-22.5,5.0,1044,0.1035166876135508,,0.6928029999999126,95.05825850801023,0.0,0.0,8.347141953318532,7.268637594754495,8.007998416187148
266,A14F14,4.0,dmas,False,False,geometry_informed,45.4,68.1,1,-3.6277754166411738,-65.35822317862447,-5.0,-27.5,10.0,904,0.13142670918807778,,0.7055784999993193,37.88308412140851,0.0,0.0,4.823507549946942,4.422774925736796,3.0135819526376655
116,A13F1,1.0,dmas,False,False,geometry_informed,43.8,65.69999999999999,1,0.18272145979073373,-1.2737962067788495,-37.5,7.5,5.0,387,0.6003932626860494,,0.6389507999992929,38.69065774181488,0.0,0.0,2.273515533682498,2.2086399374375594,1.7058246888646904
51,A16F12,2.0,dmas,False,False,geometry_informed,57.0,85.5,1,4.616024794467671,-82.18225970375897,22.5,-7.5,15.0,1390,0.13329305541619035,,6.962180599999556,76.79372685064709,0.0,0.0,7.186233732594092,6.398712757688259,3.5426873831238206
55,A12F11,2.0,dmas,False,False,geometry_informed,39.0,58.5,1,-1.2875143613460076,-54.8916496507095,-22.5,-7.5,10.0,577,0.1248393768097182,,0.6678811999991012,51.922422936393254,0.0,0.0,3.431799341306705,3.2203771105486605,2.5591414957360312
361,A15F5,4.0,dmas,False,False,geometry_informed,56.2,84.30000000000001,1,-79.06456243272942,2.059550517031465,7.5,-37.5,15.0,1402,0.10279149805906533,,0.635837799998626,95.17552997635198,0.0,0.0,10.67292264951969,8.860454077866335,11.70723190611178
37,A2F1,1.0,dmas,False,False,geometry_informed,48.5,72.75,1,1.1723220795675742,-0.09011535035683525,-22.5,22.5,10.0,429,0.26363015274879387,,0.6126358000001346,32.721432489749134,0.0,0.0,2.6931127085450774,2.6196627732610662,1.7642071374267785
244,A16F2,1.0,dmas,False,False,geometry_informed,57.0,85.5,1,-79.16780981580159,1.3359419633998462,-22.5,-37.5,5.0,1431,0.09080912182374941,,0.5999819000007847,68.69840651357512,0.0,0.0,8.884092860896404,7.659532263224334,8.139991119878523
479,A13F11,2.0,dmas,False,False,geometry_informed,43.8,65.69999999999999,1,-1.6902737213305505,-63.64555848820791,-22.5,22.5,10.0,675,0.11298284624503759,,0.6625684000009642,88.62337138158532,0.0,0.0,4.310793010103228,4.03809887719735,2.58489224258371
132,A14F1,1.0,dmas,False,False,geometry_informed,45.4,68.1,1,-0.06151147305626812,-0.7738118370587993,-22.5,-37.5,5.0,400,0.620561511820206,,0.6844370999988314,43.038339470215945,0.0,0.0,2.465458311864552,2.3963028927349503,1.7839798838824872
15,A13F14,4.0,dmas,False,False,geometry_informed,43.8,65.69999999999999,1,4.5589083850860055,63.90227829257974,-22.5,-37.5,5.0,803,0.13343200797792287,,0.6526975999986462,104.95049578691025,0.0,0.0,4.798671305331025,4.417818542586635,3.2232049015157234
463,A11F14,4.0,dmas,False,False,geometry_informed,33.1,49.650000000000006,1,-0.5836760571027033,48.866935572188055,12.5,10.0,15.0,391,0.12790115863740203,,0.6712090999990323,41.01001414215581,0.0,0.0,3.337659146312819,3.1492762610240845,2.7790352003054846
131,A14F1,1.0,dmas,False,False,geometry_informed,45.4,68.1,1,-0.11839777603567779,-0.6481565028767364,-7.5,7.5,10.0,400,0.6345850581673613,,0.6967070999999123,10.99456710326548,0.18677685950413223,0.3147632311977716,2.451305477457251,2.3826653983243125,1.7766559232798596
154,A12F1,1.0,dmas,False,False,geometry_informed,39.0,58.5,1,-1.0056442618547854,1.3206129162099731,22.5,7.5,10.0,382,0.831086145201732,,0.6594151999997848,24.30432341983989,0.0,0.0,2.051625522165904,1.9802684839176974,1.669402477897746
238,A2F2,2.0,dmas,False,False,geometry_informed,48.5,72.75,1,-69.64204651079746,57.06652207507642,7.5,37.5,10.0,361,0.1937912679646145,,0.6699495999982901,79.58482346520906,0.0,0.0,6.505522293941973,6.260616704249181,4.789347463588753
313,A11F12,4.0,dmas,False,False,geometry_informed,33.1,49.650000000000006,1,1.1342605946401751,49.14439489830357,7.5,-37.5,15.0,350,0.1036438334203438,,0.6699191999996401,86.87792473045224,0.0,0.0,3.132630769182051,2.977898453199626,2.710741179870155
493,A3F3,2.0,dmas,False,False,geometry_informed,56.9,85.35,1,-79.87015322717762,-1.0572842453435845,-22.5,-10.0,15.0,1403,0.08295941564337603,,3.378268399999797,58.06295416509928,0.0,0.0,9.613845658722063,8.194736462243828,9.510655744851112
482,A15F11,2.0,dmas,False,False,geometry_informed,56.2,84.30000000000001,1,-0.8575062044943479,81.47276084384248,-22.5,22.5,15.0,1379,0.13445756222562905,,0.9018924000010884,62.81866011969326,0.0,0.0,8.074498421079452,7.075752052944454,3.7427841531527104
250,A3F2,1.0,dmas,False,False,geometry_informed,56.9,85.35,1,-79.24510055800806,1.078963015655808,-7.5,37.5,10.0,1397,0.10193188995941217,,0.9003222999999707,80.46024725970992,0.0,0.0,8.990161753243234,7.761376420937501,8.412995856098512
172,A1F1,,dmas,False,False,geometry_informed,22.9,34.349999999999994,1,0.104732426715423,-0.280758630667568,-7.5,-37.5,10.0,170,1.335176877775662,,0.7002906999987317,37.98820716209918,0.0,0.0,1.995780843111819,1.9087623995973542,2.376422110439605
49,A3F13,2.0,dmas,False,False,geometry_informed,56.9,85.35,1,62.62604142655231,-60.51663816144422,7.5,52.5,10.0,411,0.13582585989484866,,0.6537872999997489,125.74434756551395,0.0,0.0,1.567138555919694,1.5409991740249938,0.5702058168168725
225,A15F2,1.0,dmas,False,False,geometry_informed,56.2,84.30000000000001,1,-78.98324995993109,-0.4044680132570898,-7.5,37.5,5.0,1363,0.08458253406109409,,0.6275205000001733,80.91108527391052,0.0,0.0,8.873899450511695,7.678891523627427,8.022446819767989
133,A14F1,1.0,dmas,False,False,geometry_informed,45.4,68.1,1,0.0036716297599364497,-0.589464586330489,37.5,-7.5,5.0,391,0.6491545660211966,,0.6277274999993097,38.12781322017367,0.0,0.0,2.4821977528957047,2.4139882126818164,1.8033060060010542
263,A14F14,4.0,dmas,False,False,geometry_informed,45.4,68.1,0,-6.407151176357968,65.7880106438916,37.5,-22.5,10.0,962,0.14474022738010228,,0.6292892000001302,98.60329988331765,0.0,0.0,4.810306019871821,4.386915979254432,2.6277094840751047
204,A3F1,,dmas,False,False,geometry_informed,56.9,85.35,1,5.16302595654718,-3.911671551496392,22.5,7.5,5.0,557,0.9919881564906546,,3.6706250999995973,20.755647823727134,0.0,0.0,3.0429230335409674,2.9607052939277656,1.586800012990687
312,A11F3,2.0,dmas,False,False,geometry_informed,33.1,49.650000000000006,1,-41.224382268124614,-7.972563403175163,17.5,-22.5,5.0,331,0.11894731543232252,,0.6125553000001673,60.49462361935641,0.0,0.0,2.325682467619053,2.2269970265756713,2.001265208323685
58,A12F11,2.0,dmas,False,False,geometry_informed,39.0,58.5,1,-1.6626011746907707,54.31340209107651,7.5,7.5,15.0,632,0.13673914409660642,,0.6462228000000323,47.701654852082974,0.0,0.0,3.2920057721764184,3.0740253846552124,2.559856916918823
2,A1F11,,dmas,False,False,geometry_informed,22.9,34.349999999999994,1,8.455635884902897,-32.719778131145375,-20.0,-15.0,10.0,249,0.20350066876791323,,0.6673903999999311,33.52183990521987,0.0,0.0,2.009823800489518,1.8818542063938082,2.162059574818284
143,A2F1,1.0,dmas,False,False,geometry_informed,48.5,72.75,1,0.6223518994218009,0.4338356250352366,37.5,-22.5,5.0,479,0.7111639324525099,,0.715599299999667,43.42720053038435,0.0,0.0,2.7600290556927654,2.6753725445631584,1.9461913919147804
395,A2F5,4.0,dmas,False,False,geometry_informed,48.5,72.75,1,-69.00307704663173,3.1394720205739866,22.5,-22.5,10.0,1067,0.09585859937030826,,0.6765799000004336,95.02734151019705,0.0,0.0,8.295145620722046,7.209215128561228,7.901403100514994
387,A3F5,4.0,dmas,False,False,geometry_informed,56.9,85.35,1,-79.03857316430404,2.8206905195379957,-17.5,-7.5,15.0,1556,0.1135333004844992,,0.7021227999994153,62.3980179164249,0.0,0.0,10.595392454375832,8.69026436479608,9.461120391924137
66,A13F12,3.0,dmas,False,False,geometry_informed,43.8,65.69999999999999,1,4.082163761438672,-64.1510260659504,7.5,22.5,10.0,534,0.09070125848923818,,0.6889131999996607,86.71840590575705,0.0,0.0,3.8479097288150026,3.664934998737536,2.7161619090935636
270,A14F14,4.0,dmas,False,False,geometry_informed,45.4,68.1,1,-1.2008343882207648,-65.59254642796917,10.0,25.0,5.0,862,0.129694465698179,,0.6103650000004563,91.2823540411623,0.0,0.0,4.872403371211586,4.483308954358035,3.0349056644244357
280,A16F14,3.0,dmas,False,False,geometry_informed,57.0,85.5,1,7.769024128280792,82.91104083083403,7.5,15.0,10.0,1176,0.11595267002868903,,0.7065312000013364,67.911573687471,0.0,0.0,7.626052669061668,6.869234807152587,4.249714083372257
73,A13F4,3.0,dmas,False,False,geometry_informed,43.8,65.69999999999999,1,0.18038462325947013,0.2952150129287431,-7.5,-37.5,10.0,427,0.9050160654969417,,0.7232249999997293,38.56768836519392,0.0,0.0,2.3373518023162676,2.2632489834891407,1.7614846455542246
1,A1F11,,dmas,False,False,geometry_informed,22.9,34.349999999999994,1,3.114711336887127,-33.54312468573457,-7.5,7.5,15.0,174,0.10692691510090938,,0.6600953999986814,42.39351578642888,0.0,0.0,2.1561931262370084,2.058155962816372,2.5011995255353985
373,A15F5,4.0,dmas,False,False,geometry_informed,56.2,84.30000000000001,1,-79.60998399951498,-1.7316971789305644,-17.5,17.5,10.0,1316,0.09464838103807531,,0.6314244000004692,65.01929166641307,0.0,0.0,10.575272123830155,8.889347781391644,10.645793757530065
86,A13F2,2.0,dmas,False,False,geometry_informed,43.8,65.69999999999999,1,-57.30810775314547,-8.121859031944615,7.5,37.5,10.0,651,0.09660617222219649,,0.6432674000006955,79.25556669454797,0.0,0.0,3.5315086278828955,3.3354112713445505,2.3495397254608754
199,A3F1,,dmas,False,False,geometry_informed,56.9,85.35,1,-0.9034762578313833,3.0402832313378285,7.5,-37.5,10.0,478,0.15321715012916243,,0.6497989999988931,41.402089049865914,0.0,0.0,1.9139902684816004,1.8753016370436701,0.7566081762298674
219,A15F2,1.0,dmas,False,False,geometry_informed,56.2,84.30000000000001,1,-78.91067041180918,-40.32161084611125,22.5,22.5,15.0,846,0.07979845779506743,,0.6404425999990053,119.292409073976,0.0,0.0,6.818184011374568,6.35937999531987,2.801469278346576
189,A16F1,1.0,dmas,False,False,geometry_informed,57.0,85.5,1,0.07077835604492266,0.09659586732208489,-7.5,-52.5,5.0,612,0.16951263673406541,,0.7149721000005229,53.13867312745737,0.0,0.0,2.132964658744402,2.076360379196602,0.952677553004682
299,A11F3,2.0,dmas,False,False,geometry_informed,33.1,49.650000000000006,1,-45.123401734598964,12.170855728897267,7.5,-37.5,15.0,394,0.15452545245334146,,0.629825100000744,72.36308671527162,0.0,0.0,2.876135771580911,2.721390636746454,2.6401264647636062
115,A13F1,1.0,dmas,False,False,geometry_informed,43.8,65.69999999999999,1,-0.40447959907088055,-1.3795739736752481,22.5,-7.5,5.0,340,0.5644822313227796,,0.6709148999998433,23.70811676299844,0.0,0.0,2.330732754353861,2.2718407692793448,1.7361123566070196
316,A11F12,4.0,dmas,False,False,geometry_informed,33.1,49.650000000000006,1,-4.953343519822792,48.69981925165241,15.0,7.5,10.0,365,0.1311654686791472,,0.6474235999994562,45.77729812897308,0.0,0.0,3.0355091642402265,2.881084170460574,2.600652792773929
77,A13F4,3.0,dmas,False,False,geometry_informed,43.8,65.69999999999999,1,0.36720582815466873,0.026407438087844886,-27.5,-7.5,5.0,492,1.1601903438289947,,0.6461761000009574,28.86568844827439,0.0,0.0,2.173922628591542,2.096149022192017,1.55321339466359
315,A11F12,4.0,dmas,False,False,geometry_informed,33.1,49.650000000000006,1,5.1085383777206195,-48.77879821863927,2.5,-5.0,15.0,251,0.0736110299937957,,0.5959064999988186,43.85644360793946,0.0,0.0,3.1476483681088023,3.035384859627375,2.4930536405464734
397,A2F5,4.0,dmas,False,False,geometry_informed,48.5,72.75,1,-69.20251531144484,2.615159793056724,-17.5,-10.0,15.0,1043,0.10341753369821216,,0.7815850000006321,53.219285471852615,0.0,0.0,8.358565992594718,7.278033103492104,8.010202418167706
6,A1F11,,dmas,False,False,geometry_informed,22.9,34.349999999999994,1,-2.007010799439767,-33.60824353219327,-15.0,-25.0,5.0,168,0.10323978009742976,,0.7418034000002081,15.585879027999098,0.0,0.0,2.1635355089691286,2.068437360777745,2.55011650273413
284,A16F14,3.0,dmas,False,False,geometry_informed,57.0,85.5,1,0.7563329259116041,82.34010523477637,17.5,-7.5,5.0,1356,0.13003264974413964,,0.7149270000008983,91.38706087671058,0.0,0.0,7.744599646073363,6.856683691035817,3.663932533961634
499,A15F12,2.0,dmas,False,False,geometry_informed,56.2,84.30000000000001,1,2.813335177354577,82.48208387665196,22.5,-22.5,10.0,1016,0.10363091650383455,,6.800575700000991,106.81199701776748,0.0,0.0,6.730749154220175,6.198242200692766,3.9318641110139705
122,A14F1,1.0,dmas,False,False,geometry_informed,45.4,68.1,1,0.6878932360106619,-0.07184684735897197,7.5,-37.5,10.0,395,0.7205278549385793,,0.7570591999992757,38.04302100230135,0.0,0.0,2.466264539095463,2.3979377575893777,1.8256951952042346
413,A1F3,,dmas,False,False,geometry_informed,22.9,34.349999999999994,1,-30.173066059730303,6.777209349579358,-5.0,-20.0,15.0,267,0.15958244727866344,,0.7038737000002584,36.75190056852497,0.0,0.0,2.645060365782685,2.4509914643864863,3.1445179546005164
145,A12F1,1.0,dmas,False,False,geometry_informed,39.0,58.5,1,0.578214215376921,0.8446858262542205,22.5,-22.5,15.0,324,0.4916681655660393,,0.7189297999993869,32.02403860092317,0.0,0.0,2.209902060784911,2.1433756745515895,1.822949802485685
168,A1F1,,dmas,False,False,geometry_informed,22.9,34.349999999999994,1,-0.20993586294296074,-0.7357398166898373,-5.0,22.5,10.0,173,1.2932671720905038,,0.680861000000732,23.724340228255567,0.0,0.0,1.6563718068791744,1.5857531021672124,2.2317112582343626
325,A14F11,2.0,dmas,False,False,geometry_informed,45.4,68.1,1,4.007121635005408,66.67257318824937,22.5,-37.5,5.0,650,0.09916523084332045,,0.7244113999986439,105.80128333287672,0.0,0.0,4.072064464754045,3.8476263892719036,2.844164984590248
256,A3F2,1.0,dmas,False,False,geometry_informed,56.9,85.35,1,-79.88056645533109,0.42074833088037705,-22.5,-22.5,5.0,1332,0.07979636953112268,,0.7495293000010861,61.789077600998574,0.0,0.0,8.399602339479449,7.373758023503388,7.773173730227587
471,A3F14,2.0,dmas,False,False,geometry_informed,56.9,85.35,1,3.1415030975639087,82.43842421777107,22.5,-37.5,15.0,1407,0.1349232582522157,,0.8405837999998766,121.49064575580971,0.0,0.0,8.194759419242148,7.169448178586768,3.769017225366561
343,A11F11,3.0,dmas,False,False,geometry_informed,33.1,49.650000000000006,1,-2.636713788695349,48.5732027399168,22.5,-22.5,10.0,443,0.1311834805863209,,0.7648095000004105,75.38736318378635,0.0,0.0,3.1191599942210537,2.925372527004377,2.530534940309603
23,A11F4,4.0,dmas,False,False,geometry_informed,33.1,49.650000000000006,1,-2.694970414281473,-0.4760661352222152,7.5,-35.0,15.0,183,0.9198583289710914,,0.7111251000005723,35.99776980935936,0.0,0.0,2.048619546459711,2.0019125176349064,1.9284176124592805
75,A13F4,3.0,dmas,False,False,geometry_informed,43.8,65.69999999999999,1,-0.41567212599161696,-0.06648978903151256,-22.5,22.5,15.0,490,0.47380129278516425,,1.077299900000071,31.574736721707865,0.0,0.0,2.19798910234131,2.119445664646595,1.5695441113625523
10,A13F14,4.0,dmas,False,False,geometry_informed,43.8,65.69999999999999,1,-14.75666069359568,64.18370156251446,-22.5,-22.5,10.0,541,0.0892460420915815,,1.07902920000015,87.0288654424104,0.0,0.0,3.683802488997129,3.509942029347938,2.5684495969040437
296,A15F14,3.0,dmas,False,False,geometry_informed,56.2,84.30000000000001,1,2.44709251548623,-82.06688794875961,7.5,15.0,15.0,1070,0.10913885891643993,,1.0241249999999127,97.19831588100747,0.0,0.0,7.237707105511973,6.596962537271591,3.730978069659056
57,A12F11,2.0,dmas,False,False,geometry_informed,39.0,58.5,1,-16.100399508568202,-54.811390407643444,22.5,-22.5,5.0,397,0.1557020421928339,,0.7541270999990957,50.339018586939346,0.0,0.0,3.492771727166324,3.3424780316851614,2.607371521532709
201,A3F1,,dmas,False,False,geometry_informed,56.9,85.35,1,3.5134030966136716,-1.085048954731082,-22.5,-37.5,5.0,466,0.14210314995004428,,0.7636187999996764,44.752048001138924,0.0,0.0,1.942792000162581,1.904369325156698,0.7773893711855536
485,A16F11,2.0,dmas,False,False,geometry_informed,57.0,85.5,1,0.3543318892899733,-82.85519122639766,22.5,22.5,15.0,1208,0.1184433671089064,,0.7368693999997049,107.65754471666415,0.0,0.0,8.094574265917583,7.222166634036679,4.12128541206016
412,A1F3,,dmas,False,False,geometry_informed,22.9,34.349999999999994,1,-29.611494621845914,2.698922685095382,-10.0,-25.0,5.0,296,0.14349931336948094,,0.7048045000010461,33.938783702684205,0.0,0.0,2.637192333749294,2.4233886804253912,3.192681849508988
393,A3F5,4.0,dmas,False,False,geometry_informed,56.9,85.35,1,-77.92524058854438,1.3155700721065204,22.5,2.5,5.0,1690,0.12450777303183463,,0.6848788999996032,100.43222501528636,0.0,0.0,9.811438389153302,8.079991653296476,7.722813019751112
274,A16F14,3.0,dmas,False,False,geometry_informed,57.0,85.5,1,-4.849265746881441,-82.35659988982144,-22.5,-37.5,5.0,1342,0.12869012976153055,,0.7051197999990109,48.204387490660444,0.0,0.0,7.5804533027748375,6.736483295100584,3.4922714915143507
43,A16F13,2.0,dmas,False,False,geometry_informed,57.0,85.5,1,-62.579883652029714,63.163835807210496,-7.5,52.5,15.0,377,0.16785436938823015,,0.609126199999082,56.10268244250247,0.0,0.0,1.8044280822325751,1.7760133708634904,0.6445990224839275
291,A15F14,3.0,dmas,False,False,geometry_informed,56.2,84.30000000000001,1,3.044658177303969,82.57427024567976,37.5,-7.5,10.0,1033,0.10596784362965735,,0.7069521000012173,96.43933191603193,0.0,0.0,7.738935224582391,7.032545496825154,4.297202506045415
369,A15F5,4.0,dmas,False,False,geometry_informed,56.2,84.30000000000001,1,-79.75343316577022,0.7513849085278079,17.5,10.0,15.0,1304,0.09606990297840967,,0.7068346000014571,97.69220615606518,0.0,0.0,10.551027284740949,8.886342804867258,10.211320917568147
224,A15F2,1.0,dmas,False,False,geometry_informed,56.2,84.30000000000001,1,-79.00049293850743,0.8843178097508075,-22.5,-37.5,10.0,1314,0.08529034600861546,,0.6892632999988564,68.30564805354153,0.0,0.0,8.115167161158773,7.14912442745748,7.481779581714493
285,A15F14,3.0,dmas,False,False,geometry_informed,56.2,84.30000000000001,1,3.531867984064621,-81.3270494255482,-37.5,-22.5,15.0,1258,0.1254393511832084,,0.7083717000004981,71.72332908041565,0.0,0.0,7.044303745693488,6.337013688443932,3.562258454807388
36,A2F1,1.0,dmas,False,False,geometry_informed,48.5,72.75,1,1.3681101200036871,0.46009575367296635,-22.5,22.5,15.0,438,0.2975816570658152,,0.6639584000004106,32.48759855526239,0.0,0.0,2.6520508000142042,2.5785871494690755,1.8463732857533952
278,A16F14,3.0,dmas,False,False,geometry_informed,57.0,85.5,1,-5.051623467503143,-82.75113819306435,37.5,22.5,5.0,1222,0.1191494858881209,,0.6261144000000058,113.5272775620718,0.0,0.0,7.8929085179124,7.054408753569251,3.905325942610487
275,A16F14,3.0,dmas,False,False,geometry_informed,57.0,85.5,1,-0.2617130836392472,-82.91807597556732,22.5,-52.5,15.0,1193,0.11697262993454084,,0.7223639000003459,37.991511269720505,0.0,0.0,8.141708470722635,7.269034206462787,4.169013348456838
420,A1F4,,dmas,False,False,geometry_informed,22.9,34.349999999999994,1,-11.694511289818484,4.293119015662731,-7.5,17.5,15.0,94,0.317451985420522,,0.619525899999644,13.856970458756996,0.06391478029294274,0.12015018773466833,0.8219715076982721,0.8046466927718597,0.8009419720410348
193,A15F1,1.0,dmas,False,False,geometry_informed,56.2,84.30000000000001,1,1.565075101560735,-0.06154620372571664,-22.5,-22.5,5.0,735,0.16035212502697901,,0.7184559999986959,32.9030705012662,0.0,0.0,2.4618746702927856,2.3784355221636675,1.2389149065338445
400,A2F5,4.0,dmas,False,False,geometry_informed,48.5,72.75,1,-68.94178161502761,1.3419638896063562,-10.0,-15.0,5.0,1094,0.10042081411328659,,0.6795705999993515,61.165295746222014,0.0,0.0,8.401294063051532,7.262759412728492,7.820148513830688
16,A13F14,4.0,dmas,False,False,geometry_informed,43.8,65.69999999999999,1,-11.55794762352174,-63.97848734721581,7.5,-7.5,5.0,515,0.09078091804338642,,0.7301612999999634,59.60725543631845,0.0,0.0,4.067671294430475,3.8758197188511883,2.6033001201719546
429,A2F4,2.0,dmas,False,False,geometry_informed,48.5,72.75,1,0.8883750568135901,-0.32794275754310126,-22.5,-7.5,15.0,488,0.3466780971116104,,0.6505235999993602,24.463329554401597,0.01962457337883959,0.038493723849372385,2.4340692827575414,2.36098372647808,1.6016280673719712
268,A14F14,4.0,dmas,False,False,geometry_informed,45.4,68.1,1,-1.0271515148912123,-65.58258004573302,-5.0,22.5,15.0,863,0.12984492331499822,,0.7019820000004984,88.17212956824054,0.0,0.0,4.866720157205115,4.4779165866343345,3.0276063430649467
456,A12F13,4.0,dmas,False,False,geometry_informed,39.0,58.5,1,-0.8086789570581687,2.1981966324498967,-22.5,-7.5,5.0,365,0.5790588655777172,,0.5502519999990909,23.76064869715542,0.0,0.0,1.9885532267362485,1.9229392838543324,1.7157642129045874
104,A13F1,1.0,dmas,False,False,geometry_informed,43.8,65.69999999999999,1,0.5377688619998886,-1.0193037541494934,22.5,22.5,10.0,448,0.7437883518606037,,0.6549107999999251,32.17914302213302,0.0,0.0,2.104409084123882,2.0363698441858853,1.4599044776354895
68,A2F11,2.0,dmas,False,False,geometry_informed,48.5,72.75,1,30.448792615188076,66.78233696719496,0.0,-7.5,15.0,758,0.20799434286147814,,5.080582299999151,80.28072344610898,0.0,0.0,3.7577369749010274,3.5530744349923893,2.1503530734435965
