scan_idx,phant_id,birads,beamformer,use_bent_ray,use_cf,delay_model,breast_radius_mm,grid_radius_mm,tvsvd_removed,peak_x_mm,peak_y_mm,gt_x_mm,gt_y_mm,gt_r_mm,blob_area_px,blob_compactness,cf_at_peak,runtime_sec,localization_error_mm,iou,dice,scr_db,smr_db,cnr
301,A11F3,2.0,das,False,True,two_medium,33.1,49.650000000000006,1,1.279220231255523,3.8290597587471145,-7.5,7.5,10.0,182,1.3605469671703565,0.7089440798837567,0.7085692000000563,9.51580317806837,0.2107843137254902,0.3481781376518219,12.899394516555008,11.660912531388243,8.022874219727036
238,A2F2,2.0,das,False,True,two_medium,48.5,72.75,1,-0.9481163150228292,1.8438460699523247,7.5,37.5,10.0,93,1.298524963483781,0.3436154470505853,0.9477967999991961,36.643307470197186,0.0,0.0,22.754810746475563,20.184574262872182,52.48667309104306
459,A12F13,4.0,das,False,True,two_medium,39.0,58.5,0,0.7263901736539655,1.4763056947010265,17.5,7.5,10.0,214,1.0756813245891452,0.29116660548122353,0.9186117999997805,17.822426313220756,0.0,0.0,14.924228947336427,13.274042286835673,14.43986295980876
149,A12F1,1.0,das,False,True,two_medium,39.0,58.5,1,-0.9693994250017264,-3.8622083095070736,-10.0,-7.5,15.0,461,0.5356043688257747,0.04939689411855733,0.817423399999825,9.73577295999545,0.2597826086956522,0.41242450388265744,12.852447454281297,10.796554774781779,7.45441352276701
258,A14F14,4.0,das,False,True,two_medium,45.4,68.1,1,-2.6398481289698,-0.448056573669905,-30.0,-7.5,10.0,136,1.3951235947370184,0.7536014539399685,0.6973464000002423,28.254341551237708,0.0,0.0,17.474171991871003,16.03757545108827,14.877221248080028
92,A11F1,1.0,das,False,True,two_medium,33.1,49.650000000000006,1,0.6380677995720201,0.3586069426863561,-22.5,7.5,5.0,322,1.162416356743365,0.04535976512611909,0.7274944000018877,24.21507126350528,0.0,0.0,14.353982289784366,11.732657174126416,8.935793313029516
98,A11F1,1.0,das,False,True,two_medium,33.1,49.650000000000006,1,4.042864957671871,6.066837648639838,7.5,-22.5,10.0,42,1.4620154177370783,0.5373357211050758,0.6900084000008064,28.77526708728591,0.0,0.0,17.548417371356695,16.649337937003615,23.045437342881375
235,A15F13,2.0,das,False,True,two_medium,56.2,84.30000000000001,1,-0.224998718719438,1.4303789230821,-7.5,37.5,10.0,190,1.0808557794152298,0.4396725070792758,0.6878467000024102,36.795967282775344,0.0,0.0,19.16829797962944,17.30358644117976,17.867234329130028
17,A13F14,4.0,das,False,True,two_medium,43.8,65.69999999999999,1,1.510067778233824,-3.0946508517616405,-37.5,-7.5,5.0,304,1.0974365604036738,0.0519263458704108,0.7080548999983876,39.25802451958429,0.0,0.0,14.087206590233613,12.554368894454324,11.01632515528744
409,A1F3,,das,False,True,two_medium,22.9,34.349999999999994,1,-1.2742746260359996,1.745137489965896,-12.5,-7.5,15.0,194,1.2592334190008674,0.025598444821368034,0.7122807000014291,14.542677792622378,0.10850801479654747,0.19577308120133483,8.699126329164171,7.716679258757129,4.013818135421899
304,A11F3,2.0,das,False,True,two_medium,33.1,49.650000000000006,1,-0.8045771862340964,1.1989841744789629,7.5,-22.5,10.0,257,0.9940157734349976,0.04146662546894267,0.7199845999966783,25.111906601138912,0.0,0.0,13.553306893987106,11.66181145149978,9.944776377589887
140,A2F1,1.0,das,False,True,two_medium,48.5,72.75,1,-1.7389002106990419,4.201535134070658,7.5,-22.5,10.0,226,1.1359999035380692,0.12440651907913827,0.698669899997185,28.254720943928373,0.0,0.0,17.46469360914012,15.497654584665675,22.9747708567967
421,A1F4,,das,False,True,two_medium,22.9,34.349999999999994,1,-1.0443293649501721,0.06487931050018894,-15.0,20.0,10.0,292,0.7488531059985466,0.07813448961217233,0.7035391999997955,24.33453882404422,0.0,0.0,7.434859567189345,6.395014282799282,2.790251380593723
364,A15F5,4.0,das,False,True,two_medium,56.2,84.30000000000001,1,-0.31961763160404105,0.3998602985071599,-37.5,22.5,5.0,111,1.4514746495253572,0.02671581977088841,0.7924826999987999,43.252710988857444,0.0,0.0,18.001212519832293,17.072017974902785,35.44819207085725
426,A1F4,,das,False,True,two_medium,22.9,34.349999999999994,1,-1.1242623957281166,1.9725087222002917,-12.5,0.0,10.0,67,1.3471149298593033,0.644919682058515,0.6048805000027642,11.545483822707546,0.04087193460490463,0.07853403141361257,14.57382459772904,13.180374210201176,12.431684159223057
410,A1F3,,das,False,True,two_medium,22.9,34.349999999999994,1,-1.0526377624386396,1.0709572529701228,-20.0,-10.0,10.0,203,1.2055639105457996,0.06241759568816311,0.6420857999983127,21.94467202439941,0.0,0.0,7.672442654358921,6.877092467314782,3.1845974633835232
270,A14F14,4.0,das,False,True,two_medium,45.4,68.1,1,0.8717516944656112,0.8614994545965038,10.0,25.0,5.0,408,0.6191376899720495,0.046561825442207175,0.9759420000009413,25.80682323936707,0.0,0.0,15.115301782200483,12.876989203626241,15.109942864600118
220,A15F2,1.0,das,False,True,two_medium,56.2,84.30000000000001,1,0.7040568104137515,-4.484215467849953,-37.5,-7.5,10.0,321,0.8001993587005146,0.04339809870128731,0.913584500001889,38.32290324489622,0.0,0.0,17.44489980495878,15.388456666874129,20.356186930632532
428,A1F4,,das,False,True,two_medium,22.9,34.349999999999994,1,0.08377955228539286,0.019961569789064836,-20.0,17.5,5.0,138,1.3380857598623193,0.11019300584555444,0.8591670999994676,26.625362807414437,0.0,0.0,11.24709432567315,9.952938844584407,5.314215331958781
158,A12F1,1.0,das,False,True,two_medium,39.0,58.5,1,-0.27812987523283184,1.4817296029480311,22.5,-37.5,10.0,429,0.6369297015075716,0.01113548734943112,0.8137142999985372,45.14884764255151,0.0,0.0,13.776417465576788,11.461031951200445,10.089172312590668
44,A16F13,2.0,das,False,True,two_medium,57.0,85.5,1,2.503119166350332,-3.2121294748410936,-7.5,7.5,10.0,321,0.9848156658225816,0.21531709488675263,0.6989447000014479,14.656469934536238,0.17929759704251386,0.30407523510971785,17.12135102074649,15.222602854180243,19.579717232457003
499,A15F12,2.0,das,False,True,two_medium,56.2,84.30000000000001,1,-0.4568698090230619,-0.15261164116352766,22.5,-22.5,10.0,191,1.086544494043731,0.010226386873406004,0.7214012000004004,32.0378469608851,0.0,0.0,15.565741052067992,14.661524828987666,16.82406867252417
211,A12F2,2.0,das,False,True,two_medium,39.0,58.5,1,3.1309577279252796,-2.5034965213208777,-7.0,-22.5,5.0,318,0.6918465816077245,0.22428199252757244,0.6444503999991866,22.41643271927617,0.0,0.0,12.430565560560966,11.041704304870244,5.950982253260483
484,A15F11,2.0,das,False,True,two_medium,56.2,84.30000000000001,1,1.9734393680589384,2.0995447308592015,7.5,37.5,5.0,124,1.2023379291516492,0.1109901660401108,0.63534989999971,35.829249303899175,0.0,0.0,19.88678204757544,18.383104582141815,49.117044296417696
483,A15F11,2.0,das,False,True,two_medium,56.2,84.30000000000001,1,0.8764798872443773,0.9385219383452877,37.5,7.5,10.0,129,1.1841211170579498,0.0018081259566794432,0.6832495999988168,37.206655584760526,0.0,0.0,19.347336775034645,17.94974277972055,41.49210901608683
416,A1F3,,das,False,True,two_medium,22.9,34.349999999999994,1,-0.5334234186123854,-0.04893846627229945,0.0,25.0,5.0,194,1.2592334190008674,0.1692633737836062,0.6774146999996447,25.054617515153176,0.0,0.0,6.734989143009238,6.139010136648445,2.4008736562890953
80,A14F12,3.0,das,False,True,two_medium,45.4,68.1,1,-0.8295769930431123,0.9633903829099965,-7.5,-37.5,10.0,246,0.9514703512257175,0.008680744535636062,0.7402173000009498,39.03750687274833,0.0,0.0,15.852488871951508,14.13767575979743,14.703121386446037
184,A16F1,1.0,das,False,True,two_medium,57.0,85.5,1,-1.2685498516089142,-1.4384533007260898,7.5,-37.5,10.0,99,1.2945584711982916,0.29402684372778976,0.9532932000001892,37.112297380303254,0.0,0.0,22.598014940406483,20.542397015243203,60.722123510853656
104,A13F1,1.0,das,False,True,two_medium,43.8,65.69999999999999,1,-4.390248134163097,1.4213554252765155,22.5,22.5,10.0,335,0.7483971832551685,0.21733892536277358,0.6058279999997467,34.1671582345442,0.0,0.0,13.967450083852068,12.344140042992532,9.441170091597819
39,A1F11,,das,False,True,two_medium,22.9,34.349999999999994,1,-0.2823416410677072,1.5817783153201828,-22.5,-22.5,5.0,219,1.2458285036417651,0.01529967127893085,0.9001566000006278,32.76517037621595,0.0,0.0,11.40668225377463,9.438833569877513,7.53812083008435
415,A1F3,,das,False,True,two_medium,22.9,34.349999999999994,1,-2.4378182651680387,2.3871607331768776,0.0,23.0,5.0,153,1.2640727836929346,0.04191452805580678,0.5673507999999856,20.756495381780425,0.0,0.0,11.997733365570102,10.34412627192712,8.613498612041031
144,A2F1,1.0,das,False,True,two_medium,48.5,72.75,1,6.789810666296292,-9.499469406928421,-7.5,7.5,5.0,121,1.3962634015954636,0.09300907749943196,0.7275026999996044,22.207670949374464,0.0,0.0,15.25327012828777,14.526704842943595,8.143852287002124
478,A13F11,2.0,das,False,True,two_medium,43.8,65.69999999999999,1,-1.0855109988719982,1.689049833949058,-7.5,-37.5,10.0,67,1.3471149298593033,0.22548108382317428,0.6359569000014744,39.710543889920906,0.0,0.0,21.716280092226366,19.789064192022742,51.72035426264635
485,A16F11,2.0,das,False,True,two_medium,57.0,85.5,1,-1.2307333024325997,-1.8451451334115463,22.5,22.5,15.0,152,1.3227758541430708,0.20219581146414353,0.6431723999994574,33.99755571564014,0.0,0.0,17.40708403955587,16.34288922190154,22.225244008347925
23,A11F4,4.0,das,False,True,two_medium,33.1,49.650000000000006,1,5.181528694832716,-5.2776090301327105,7.5,-35.0,15.0,123,1.3370792262683202,0.365716210280179,0.7274143000031472,29.812679083881957,0.0,0.0,14.871348994960087,13.54200276199766,11.266611511275887
436,A2F12,3.0,das,False,True,two_medium,48.5,72.75,1,0.6452273337333965,2.147536221040328,-37.5,-7.5,10.0,71,1.4275397017912022,0.49900285971658764,0.7196645000003628,39.34632541265431,0.0,0.0,19.923810952906425,18.719495525367698,31.340849535152255
11,A13F14,4.0,das,False,True,two_medium,43.8,65.69999999999999,1,0.7793088983150469,-1.821377221087936,7.5,-17.5,10.0,300,0.8152922111392197,0.04480777837673104,0.7082690000024741,17.058338170164397,0.10233393177737882,0.18566775244299674,14.868272183126683,13.097729044961355,11.426035850332926
287,A15F14,3.0,das,False,True,two_medium,56.2,84.30000000000001,1,-2.783384405069417,-1.2632342115171866,-7.5,32.5,10.0,291,0.8146165847134148,0.17879783466691473,0.6259897999989334,34.091090435656454,0.0,0.0,14.472487586880707,13.427864292475933,15.630410006974834
461,A12F13,4.0,das,False,True,two_medium,39.0,58.5,1,-0.8572062410982759,3.0196468034943864,10.0,-22.5,15.0,309,0.6722660179773172,0.12179974723264798,0.715770099999645,27.733216552301403,0.0,0.0,13.2362943901341,11.636553224610447,8.077381688102951
294,A15F14,3.0,das,False,True,two_medium,56.2,84.30000000000001,1,-0.7535758031383122,2.1373288304213443,12.5,17.5,10.0,69,1.3873273158252526,0.3186708883204346,0.7224079000006896,20.28962634042669,0.0,0.0,21.839610129635293,20.4969057675498,43.51848400485693
472,A3F14,2.0,das,False,True,two_medium,56.9,85.35,1,1.1502722547996125,-1.60524676776972,22.5,-37.5,10.0,97,1.3543754995475996,0.546323258940854,0.8569187999964925,41.764149511236134,0.0,0.0,19.99704256606679,18.776923203036738,31.675015948065226
491,A15F3,2.0,das,False,True,two_medium,56.2,84.30000000000001,1,-1.0491612927319967,0.9296338595716248,-22.5,-10.0,10.0,169,1.2633650409439026,0.08464354824267414,1.059590400000161,24.07478717558105,0.0,0.0,18.5946384352402,17.08013798635507,33.21417777973019
423,A1F4,,das,False,True,two_medium,22.9,34.349999999999994,1,0.09997988382059081,1.0702040431541828,7.5,7.5,5.0,119,1.2935969750075618,0.044539006479380715,0.5529694999968342,9.803192019262436,0.020618556701030927,0.04040404040404041,12.533146425880926,11.038212175997167,7.93164975272642
434,A2F12,3.0,das,False,True,two_medium,48.5,72.75,1,-0.2233941998243399,0.3797619627599934,22.5,-22.5,15.0,155,1.2173671532660448,8.206437699475585e-05,0.659566199999972,32.24649052894237,0.0,0.0,17.471271489259806,16.030103509482633,20.30719585475507
476,A3F11,2.0,das,False,True,two_medium,56.9,85.35,1,-0.6225812686623825,3.2197075792280403,22.5,22.5,5.0,65,1.5440720036547186,0.8132381413987574,0.6597847000011825,30.106202689086732,0.0,0.0,20.846781251634567,19.82650359580781,27.272334768287923
68,A2F11,2.0,das,False,True,two_medium,48.5,72.75,1,0.07315407765183224,-0.4034691878183043,0.0,-7.5,15.0,373,0.6487551888105151,0.012736722881427262,0.5696313000007649,7.096907853940425,0.3917525773195876,0.562962962962963,15.997321307263128,13.771455164538944,17.2676062309549
341,A11F11,3.0,das,False,True,two_medium,33.1,49.650000000000006,1,-3.1176510576106273,3.1516609680304972,7.5,-22.5,15.0,164,1.0645066016295992,0.0687656655563737,0.7083650000022317,27.762244585046783,0.0,0.0,14.777920254794674,13.113695194228523,11.495518793359269
495,A3F3,2.0,das,False,True,two_medium,56.9,85.35,1,-0.7401870497242187,1.97913186965929,-22.5,-7.5,5.0,163,1.4185030541139507,0.030969788951332733,0.6845529000020179,23.73485623789156,0.0,0.0,18.773241746414634,17.281422824329635,35.258886206086295
355,A16F5,4.0,das,False,True,two_medium,57.0,85.5,1,0.05451349390694429,1.415149030180258,12.5,2.5,15.0,62,1.472807141947578,0.31711528510548126,0.6773156999988714,12.492679296294417,0.07083333333333333,0.13229571984435798,23.393762779006305,21.76292024105157,82.75623686391228
176,A1F1,,das,False,True,two_medium,22.9,34.349999999999994,1,3.2791830429591626,0.3454142892383087,5.0,-27.5,15.0,283,0.868233125943273,0.16622197522150392,0.637938200001372,27.89853594615596,0.0,0.0,9.895886992682517,8.117305697076967,4.3954030839337115
300,A11F3,2.0,das,False,True,two_medium,33.1,49.650000000000006,1,-3.160001529004363,-0.9593350936552165,-7.5,-37.5,10.0,73,1.3570193119056502,0.6608227600677425,0.7103115999998408,36.797496905713864,0.0,0.0,16.405524166949267,15.247358897362469,15.166104708650844
493,A3F3,2.0,das,False,True,two_medium,56.9,85.35,1,0.9405278194870379,1.2750671347160774,-22.5,-10.0,15.0,127,1.2314267500182214,0.02092049966339216,0.7282047000007879,26.0112568583008,0.0,0.0,20.085749672401118,18.52161046527357,49.92988828845129
109,A13F1,1.0,das,False,True,two_medium,43.8,65.69999999999999,1,0.8155599811408778,0.4473857002658006,-22.5,-7.5,10.0,108,1.325359400733194,0.13713321278216756,0.6946132999983092,24.632829246819526,0.0,0.0,21.685159087660423,18.911630328991595,64.90524135426028
435,A2F12,3.0,das,False,True,two_medium,48.5,72.75,1,-1.268846339630747,2.7288753301475035,22.5,-37.5,10.0,66,1.439896632895322,0.6666186151546951,0.7011305000014545,46.72601488085121,0.0,0.0,20.39777713780406,19.15381158021257,30.832397064129605
449,A12F13,4.0,das,False,True,two_medium,39.0,58.5,1,2.46501589955256,-0.32900313084710725,-15.0,-37.5,15.0,297,0.7199483164476609,0.2265939238121054,0.6805351000002702,41.06957253999849,0.0,0.0,12.974421789222177,11.507679802913621,8.6385624450135
206,A12F2,2.0,das,False,True,two_medium,39.0,58.5,1,2.5950185498486995,-3.4072503974144728,-22.5,-7.5,15.0,309,0.6722660179773172,0.2316241634844825,0.739694400002918,25.426571835910448,0.02620967741935484,0.05108055009823183,12.819535659906371,11.350282698435157,6.847592439369559
216,A14F13,3.0,das,False,True,two_medium,45.4,68.1,1,-0.06805927905664938,-0.1612582983052424,7.5,0.0,15.0,166,1.3037609512397643,0.008853693159036401,0.7608477000030689,7.569777109670254,0.22752808988764045,0.3707093821510298,15.57072606121605,14.412491907668503,13.593639426798418
291,A15F14,3.0,das,False,True,two_medium,56.2,84.30000000000001,1,-0.2643319004901802,1.7424787368490058,37.5,-7.5,10.0,126,1.3696909147138892,0.35514067743431604,0.7639520000011544,38.878891150487895,0.0,0.0,18.449888171658586,17.307937450651483,20.38823295884373
105,A13F1,1.0,das,False,True,two_medium,43.8,65.69999999999999,1,-4.0130389942758455,1.5073170982891444,-7.5,-47.5,10.0,336,0.6765423051473614,0.35081620795518925,0.7205472999994527,49.13121234233595,0.0,0.0,14.072897543081753,12.410933742076116,10.032132725887363
70,A2F11,2.0,das,False,True,two_medium,48.5,72.75,1,-0.8215963308307295,-1.1885421920180237,-7.5,7.5,5.0,393,0.6524750497348599,0.007678212852894952,0.7305023000008077,10.958642296874688,0.15121951219512195,0.2627118644067797,15.64813613266055,13.47461834883424,15.660351716883284
58,A12F11,2.0,das,False,True,two_medium,39.0,58.5,1,-0.19388671745189445,-0.10966772148182458,7.5,7.5,15.0,117,1.350105933774126,0.2617710755244062,0.6500237000000197,10.821410982508015,0.14246196403872752,0.24939467312348668,19.05504160372598,16.834213783353796,30.32298704062699
345,A11F11,3.0,das,False,True,two_medium,33.1,49.650000000000006,1,-2.182248344369399,1.4851211484649083,-7.5,-22.5,10.0,215,1.080707872834889,0.0032858522935062815,0.6188368999974045,24.56755012567392,0.0,0.0,14.065653553488136,12.257509779813013,12.305791697685672
393,A3F5,4.0,das,False,True,two_medium,56.9,85.35,1,-0.4279182271966621,1.7342415379914788,22.5,2.5,5.0,72,1.4476458947741766,0.30760259390552375,0.7051414000015939,22.940702261595103,0.0,0.0,21.427690460910647,20.170712252993575,70.32341855306012
276,A16F14,3.0,das,False,True,two_medium,57.0,85.5,1,-1.4492376033681404,-1.9751744046873116,7.5,37.5,15.0,229,1.2490012459584419,0.4355818075139396,0.7678931999980705,40.476885354014314,0.0,0.0,17.831388898545075,16.181724580161294,18.541869916454285
430,A2F4,2.0,das,False,True,two_medium,48.5,72.75,1,1.3619390587585962,3.321241869319161,37.5,7.5,10.0,48,1.5079644737231006,0.847439469274105,0.7926046000029601,36.37886018153412,0.0,0.0,21.120899967422883,20.030795506361365,35.623946616007636
314,A11F12,4.0,das,False,True,two_medium,33.1,49.650000000000006,1,0.3105608365491219,-0.14552396228715064,7.5,-37.5,10.0,69,1.5053464798451093,0.00882348396797621,0.7565441000006103,38.040043579588925,0.0,0.0,20.876845418987813,18.27381719747258,37.10286723889878
96,A11F1,1.0,das,False,True,two_medium,33.1,49.650000000000006,1,-5.29908569712501,-6.48189237410666,7.5,-37.5,5.0,59,1.531850963320643,0.44445988143356185,0.6216657000004489,33.55502339998964,0.0,0.0,17.02787260654024,15.935609419612486,21.28511128419409
308,A11F3,2.0,das,False,True,two_medium,33.1,49.650000000000006,1,-2.6511037243150737,0.9565810513996039,-7.5,-7.5,10.0,188,1.1666556422219874,0.7939209126776449,0.7103455999967991,9.748105363158627,0.1574074074074074,0.272,14.202099004601507,12.539125094097543,9.32557731480119
84,A14F12,3.0,das,False,True,two_medium,45.4,68.1,1,0.12582412178767335,-3.832253358406395,22.5,7.5,5.0,198,1.0799224746714915,0.05383967766849728,0.8471002000005683,25.080345141331115,0.0,0.0,15.84602963137926,14.418704624725196,15.935853099290496
205,A3F1,,das,False,True,two_medium,56.9,85.35,1,8.49437890687189,-8.425826896875959,7.5,37.5,5.0,141,1.2270486541721906,0.2860819841249704,0.842285599999741,45.93659070471215,0.0,0.0,17.077789714162563,16.149105309890246,10.982312883936807
89,A11F1,1.0,das,False,True,two_medium,33.1,49.650000000000006,1,-0.7997873678005477,-1.7142070003886922,22.5,-22.5,15.0,329,0.6148625717019881,0.042833997564406215,0.6790836000000127,31.223857577298297,0.0,0.0,10.85432413012504,9.51772128392258,6.530716410467412
357,A16F5,4.0,das,False,True,two_medium,57.0,85.5,1,2.427618933241564,-2.992892378891201,22.5,12.5,5.0,200,0.8308344207840775,0.08278090850115168,0.7178106999999727,25.356068227409935,0.0,0.0,16.649793526926533,15.490982635367374,18.282389873521474
77,A13F4,3.0,das,False,True,two_medium,43.8,65.69999999999999,1,0.48963931050492737,-0.013328141005929734,-27.5,-7.5,5.0,328,0.7327590331572993,0.013188110331460749,0.8950230000009469,28.973611515591504,0.0,0.0,15.828126525896323,13.546670548684904,17.96057775084628
281,A16F14,3.0,das,False,True,two_medium,57.0,85.5,1,-0.8416033233387115,-3.825326998401459,7.5,7.5,5.0,190,1.4203512294635592,0.7639327572775867,0.8855699000014283,14.0657519395394,0.0,0.0,17.054421271561434,15.850266468048106,14.935759044442277
210,A12F2,2.0,das,False,True,two_medium,39.0,58.5,1,1.0185429379807853,-0.7593195355230451,22.5,7.5,10.0,405,0.5089380098815465,0.03529035744870929,0.8044608000018343,23.0145466324507,0.0,0.0,12.84522039604446,10.995622246400401,8.959357487579947
452,A12F13,4.0,das,False,True,two_medium,39.0,58.5,1,0.11370500741395476,-0.0678454986707931,37.5,-7.5,5.0,74,1.4878582807401262,0.0022218505351200117,0.5861289000022225,38.11786948144259,0.0,0.0,17.34237836076582,16.260473624091617,21.552544179806628
21,A13F14,4.0,das,False,True,two_medium,43.8,65.69999999999999,1,-0.2609464676641046,-0.21269316171294872,-7.5,37.5,10.0,313,0.8762027182656317,0.06021103870962968,0.6896684999992431,38.40118646023239,0.0,0.0,15.265338797040421,13.286716646466592,10.425018492666005
234,A15F13,2.0,das,False,True,two_medium,56.2,84.30000000000001,1,0.03194426982919576,-2.3962569944227603,7.5,-22.5,10.0,445,0.4621516465611431,0.031038749937536244,0.7175693000026513,21.446033181528765,0.021534320323014805,0.04216073781291173,14.161262436159213,12.743591640497824,11.95917437215648
363,A15F5,4.0,das,False,True,two_medium,56.2,84.30000000000001,1,-1.55920631136203,0.09117538682578806,-27.5,22.5,10.0,208,1.0886318566375295,0.028372519851981,0.7190550999985135,34.27944278631848,0.0,0.0,15.480839103446957,14.522014360432593,19.893192431200877
56,A12F11,2.0,das,False,True,two_medium,39.0,58.5,1,0.7558800189739119,-0.26828872522357555,-7.5,20.0,10.0,126,1.3696909147138892,0.11792305932282877,0.7162938999972539,21.885225215581354,0.0,0.0,18.892666373764687,16.608145998816788,31.1737846362615
47,A3F13,2.0,das,False,True,two_medium,56.9,85.35,1,1.065579807491734,0.5473538815249297,7.5,-37.5,15.0,418,0.7811931762049575,0.0007958077150990936,0.6409601000013936,38.58760034777685,0.0,0.0,15.886869865902478,14.028889994401155,13.82165933752859
381,A3F5,4.0,das,False,True,two_medium,56.9,85.35,1,-3.8622632244894506,-1.4230592782073732,22.5,-52.5,10.0,228,0.9471512396938483,0.038504915819095396,0.657396400001744,57.47889000158916,0.0,0.0,15.35784539490268,14.364708904225093,17.79560182333357
338,A16F3,2.0,das,False,True,two_medium,57.0,85.5,1,-0.7096173893866756,-0.7038742214598609,7.5,-52.5,5.0,106,1.3008157081270237,0.06734680170648148,0.676902399998653,52.44269694958937,0.0,0.0,18.687101504560395,17.67911700893377,22.844026368453143
61,A13F12,3.0,das,False,True,two_medium,43.8,65.69999999999999,1,-0.4563656214809674,1.2563127439119153,-7.5,-37.5,15.0,125,1.3588203518986994,0.0882783243519501,0.6290044000015769,39.3911736657105,0.0,0.0,17.92315694408542,16.366814652455442,27.518225666378186
431,A2F4,2.0,das,False,True,two_medium,48.5,72.75,1,-1.4787011518536832,1.9150826390164069,37.5,-7.5,5.0,68,1.4835298641951802,0.7319480250685128,0.9693744000032893,40.09966239988846,0.0,0.0,20.606309538856912,19.275125937931673,37.00575449840053
2,A1F11,,das,False,True,two_medium,22.9,34.349999999999994,1,1.7283884144775252,1.839987792074746,-20.0,-15.0,10.0,251,0.9376215886457052,0.11195045124684729,0.8585958000003302,27.490144632715698,0.0,0.0,8.820957606905393,7.552397216590276,3.014625531664128
20,A13F14,4.0,das,False,True,two_medium,43.8,65.69999999999999,1,1.467893172990519,-1.5578783530092195,22.5,-22.5,10.0,277,0.7103846245260186,0.040399271783881564,0.9043616999988444,29.680329793654565,0.0,0.0,15.718370825388186,13.763219570934769,12.989524491367616
126,A14F1,1.0,das,False,True,two_medium,45.4,68.1,1,10.909541792820063,-9.740235884494856,22.5,7.5,10.0,139,1.2096437087229397,0.14538044376452353,0.9744805000009364,20.774129459628604,0.0,0.0,14.86754960567347,14.016145732435872,7.290791573086544
106,A13F1,1.0,das,False,True,two_medium,43.8,65.69999999999999,1,-3.85386546305943,0.9794871554253669,-7.5,-37.5,5.0,345,0.7505882724989464,0.30123967588572526,0.6970834999992803,38.6518463828834,0.0,0.0,13.865036247065412,12.235167068429615,9.157822687477736
413,A1F3,,das,False,True,two_medium,22.9,34.349999999999994,1,-2.3313918071884943,1.987801809221867,-5.0,-20.0,15.0,150,1.3053709086938199,0.03457984192498648,0.6588475999997172,22.149151182118946,0.0,0.0,12.130072985025508,10.458938585064024,9.398276225951474
215,A14F13,3.0,das,False,True,two_medium,45.4,68.1,1,2.826637702204731,1.1668244817408013,-7.5,-52.5,5.0,237,0.9166604603272157,0.022639151113436624,0.6551388000007137,54.65132657298055,0.0,0.0,14.826956241324478,13.473326746447611,15.77613309294574
417,A1F3,,das,False,True,two_medium,22.9,34.349999999999994,1,-2.4564132943162065,1.9231969199346222,-2.5,-30.0,15.0,147,1.2792634905199436,0.05095323298854446,0.7273580999972182,31.92322667572681,0.0,0.0,12.385360833748697,10.6547053697706,10.059053597851022
38,A2F1,1.0,das,False,True,two_medium,48.5,72.75,1,-2.23156031439979,4.996190322967108,-22.5,22.5,5.0,220,1.1514375406743098,0.24050556681961674,0.7459433000003628,26.780459303354075,0.0,0.0,16.969133424114883,15.218478671081154,18.396796145234266
151,A12F1,1.0,das,False,True,two_medium,39.0,58.5,1,-1.2495808354575817,0.17977719538671003,7.5,-37.5,10.0,446,0.5835694808417525,0.005812619287551938,0.6514695999976539,38.68230570028358,0.0,0.0,13.67546463217491,11.333787335043384,10.28299042715465
191,A15F1,1.0,das,False,True,two_medium,56.2,84.30000000000001,1,0.5363401527004734,0.2805786273693104,37.5,7.5,10.0,126,1.2925409774769436,0.03571347998311591,0.6540086999993946,37.66207899548908,0.0,0.0,21.130441544089752,19.19571744919508,46.17459462972798
497,A15F4,2.0,das,False,True,two_medium,56.2,84.30000000000001,1,1.8358526917363167,1.9394550941423712,37.5,7.5,5.0,144,1.253156072346067,0.09521886552881391,0.9663016999984393,36.095028229322544,0.0,0.0,18.37991205694539,17.1148801006817,26.979924722277595
468,A2F14,4.0,das,False,True,two_medium,48.5,72.75,1,0.8384473343441008,0.7984363010224127,-22.5,-22.5,15.0,279,1.2023379291516492,0.3248923411059519,0.6379801000002772,32.977268808237476,0.0,0.0,15.489989593331781,13.893885281806536,13.186385614050014
302,A11F3,2.0,das,False,True,two_medium,33.1,49.650000000000006,1,-2.001930131850532,3.450029021976349,7.5,-37.5,5.0,131,1.424043728789837,0.7791049271934488,0.7166683999967063,42.037977510000104,0.0,0.0,14.277462671309717,13.03564066544993,10.478500695375358
29,A14F4,2.0,das,False,True,two_medium,45.4,68.1,1,1.2118459524267435,-2.377157634763389,-22.5,-7.5,5.0,490,0.5182662739698674,0.01035185779904721,0.7225136000015482,24.258919027250155,0.0,0.0,12.651854295572114,11.043865861422184,8.274300103455952
141,A2F1,1.0,das,False,True,two_medium,48.5,72.75,1,0.8346115270513147,-2.4767150143526977,-22.5,37.5,5.0,219,0.8775622335920469,0.03826047508704304,0.7310276000025624,46.28867937689699,0.0,0.0,16.956057061595907,15.216365616278281,16.35623639650592
179,A1F1,,das,False,True,two_medium,22.9,34.349999999999994,1,0.39983496414982467,-2.246386067568958,-5.0,10.0,5.0,304,0.7578211995169982,0.21574265229126707,0.6849363999972411,13.384027396714414,0.0,0.0,10.113934419085984,8.14151836655922,4.911153320934958
172,A1F1,,das,False,True,two_medium,22.9,34.349999999999994,1,-0.2130183127674556,-0.32746549542354436,-7.5,-37.5,10.0,96,1.2553294266165251,0.04540529817917064,0.678254400001606,37.880039910274505,0.0,0.0,16.83446862964487,13.988797750494697,19.485233232928177
40,A3F12,2.0,das,False,True,two_medium,56.9,85.35,1,1.4789864820240035,1.4377061373051854,22.5,-22.5,15.0,274,1.097954575361739,0.0009070088945615627,0.6930231000005733,31.857444725509733,0.0,0.0,15.442402358589602,14.253050714780999,14.059086987172691
69,A2F11,2.0,das,False,True,two_medium,48.5,72.75,1,-0.9034224437710638,0.8443669476452983,15.0,-7.5,10.0,220,1.0224118103398736,0.03635717705383094,0.73537860000215,17.959602032951523,0.05719921104536489,0.10820895522388059,17.23622259589749,15.393290931215247,15.530921351104304
219,A15F2,1.0,das,False,True,two_medium,56.2,84.30000000000001,1,0.7998904289851,-4.356050955464695,22.5,22.5,15.0,325,0.7663858978545188,0.04619618755527147,0.6978751999995438,34.527412708115975,0.0,0.0,17.32775816248634,15.295918720870883,19.57202686965896
49,A3F13,2.0,das,False,True,two_medium,56.9,85.35,1,-0.4408006679733525,-1.7647261945915567,7.5,52.5,10.0,390,0.7288644466984052,0.0744367410324191,0.7451806999997643,54.84265515292342,0.0,0.0,16.770403206863936,14.692712503556125,14.558077024670055
131,A14F1,1.0,das,False,True,two_medium,45.4,68.1,1,8.204964128340684,-9.12532123532723,-7.5,7.5,10.0,128,1.3130575009289585,0.10949468702743077,0.7193542999993952,22.87022528201876,0.0,0.0,14.655191733214552,13.901176236179555,7.098698182119574
117,A14F3,2.0,das,False,True,two_medium,45.4,68.1,1,1.1758331282223045,-2.545858632878452,-22.5,-22.5,15.0,325,0.8832332287341546,0.005173519264320701,0.700742299999547,30.963088218304392,0.0,0.0,15.103525890603498,13.240690031831281,13.78165759663499
111,A13F1,1.0,das,False,True,two_medium,43.8,65.69999999999999,1,-0.05933357897377499,1.4229492526924596,7.5,22.5,15.0,415,0.4471059503565721,0.009368630457693544,0.662110199999006,22.39164112705404,0.047530288909599254,0.09074733096085409,13.684026940350083,11.852760078792528,10.404000847388994
318,A2F3,,das,False,True,two_medium,48.5,72.75,1,-0.24350551224265357,3.2485162088318433,22.5,22.5,15.0,275,0.9599310885968813,0.04382662336628615,0.7964924000007159,29.797427257181486,0.0,0.0,14.596367259239075,13.280200013926196,10.832104211013826
12,A13F14,4.0,das,False,True,two_medium,43.8,65.69999999999999,1,-1.646140607884514,-0.7465592582641114,-22.5,-22.5,5.0,299,0.8893123819392645,0.055209719941388645,0.7524602999983472,30.134625195119618,0.0,0.0,14.25662465134845,12.69255673591818,10.017410013351945
280,A16F14,3.0,das,False,True,two_medium,57.0,85.5,1,-0.08827259780137173,-0.5012632592924555,7.5,15.0,10.0,180,1.223335159861899,0.0111879778274559,0.7862694000032207,17.258940977140902,0.01026694045174538,0.02032520325203252,17.831541123166176,16.485921511575256,18.64179192267938
306,A11F3,2.0,das,False,True,two_medium,33.1,49.650000000000006,1,2.6541838527561366,-2.5507980759083746,-7.5,-22.5,5.0,60,1.4252972341428172,0.8807271060601382,0.7615284999992582,22.384774002070124,0.0,0.0,16.20105179287853,15.269038988431937,15.051786858841975
159,A12F1,1.0,das,False,True,two_medium,39.0,58.5,1,-1.9587984877492708,-2.6111805898693885,7.5,-22.5,10.0,313,0.9602719732164113,0.04735929190998587,0.6964686999999685,22.0234876066584,0.008,0.015873015873015872,14.339232753058397,12.330601876487457,11.523124196240277
135,A2F1,1.0,das,False,True,two_medium,48.5,72.75,1,9.178109661454542,-6.614606647972304,-22.5,-7.5,10.0,153,1.3314783268676964,0.10277270148799379,0.7240982000002987,31.690480480910264,0.0,0.0,14.232710942259125,13.511827842791291,6.451038402994146
325,A14F11,2.0,das,False,True,two_medium,45.4,68.1,1,-3.6651036088869224,-0.7054334677980966,22.5,-37.5,5.0,57,1.3540323724356764,0.7891284836038228,0.7071030000006431,45.149227824586546,0.0,0.0,23.56461313992144,21.318984424563062,38.94475244878296
165,A1F1,,das,False,True,two_medium,22.9,34.349999999999994,1,2.959523841191838,0.350049770287157,22.5,-17.5,10.0,325,0.7070759088758191,0.05572614854925666,0.6947345999979007,26.46610068209291,0.0,0.0,9.616869832509405,7.739032564073165,4.589569162350983
295,A15F14,3.0,das,False,True,two_medium,56.2,84.30000000000001,1,0.40720415500157436,-0.0030431420937184848,7.5,-7.5,5.0,102,1.3337875157800578,0.06992604884117938,0.6935687000004691,10.320470678614177,0.016853932584269662,0.03314917127071823,20.21017560955396,18.8527690723653,28.26122708866125
437,A2F12,3.0,das,False,True,two_medium,48.5,72.75,1,-1.2529062292064042,0.5181750955811208,-37.5,-7.5,5.0,174,1.300742704877154,0.31518586907832696,0.723009400000592,37.123347622380464,0.0,0.0,16.403311225643634,15.120264806884599,15.730881499184248
454,A12F13,4.0,das,False,True,two_medium,39.0,58.5,1,3.3345715982285995,-0.06801945078578821,37.5,7.5,10.0,319,0.6109849452797708,0.11563461319825487,0.8181392000005872,34.99359107442447,0.0,0.0,13.459885607890122,11.741839760850361,8.903285364626436
226,A2F13,3.0,das,False,True,two_medium,48.5,72.75,1,4.304840930056027,-3.840617181812816,-22.5,-22.5,15.0,151,1.2475489564551183,0.09248763682468934,0.8038626999987173,32.659945873213964,0.0,0.0,15.801382679031196,14.801930496091373,14.81057762272108
160,A12F1,1.0,das,False,True,two_medium,39.0,58.5,1,-1.9979125768997337,-4.108096219892034,22.5,-7.5,5.0,299,0.7668050640190597,0.10377559666578796,0.7216030000017781,24.731614016859734,0.0,0.0,13.998082467048745,12.186270337139447,9.672195280526342
489,A3F4,,das,False,True,two_medium,56.9,85.35,1,0.7355719650611132,0.8243226580928136,-22.5,-37.5,10.0,157,1.1736586475040987,0.005866777565213609,0.7270940000016708,44.81791507583926,0.0,0.0,18.14480958129639,16.870876734177596,29.62400318690485
128,A14F1,1.0,das,False,True,two_medium,45.4,68.1,1,0.12458335500190196,-0.09191800806691305,22.5,-22.5,15.0,115,1.3270271998634573,0.0044566355522495165,0.7221468000025197,31.666723995299133,0.0,0.0,20.1351138609838,18.048259972636032,37.76792938693208
31,A11F11,3.0,das,False,True,two_medium,33.1,49.650000000000006,1,6.1582035820822405,-6.279805288870172,7.5,-37.5,10.0,110,1.269330365086785,0.2595824878119979,0.728382799999963,31.249015591342964,0.0,0.0,16.034302754652856,14.505581405447325,10.696067983972863
296,A15F14,3.0,das,False,True,two_medium,56.2,84.30000000000001,1,-1.7042839615910954,2.5502565790460454,7.5,15.0,15.0,53,1.5102440874399914,0.8253628201031105,0.7657317999983206,15.482730847405097,0.026954177897574125,0.05249343832020997,22.290354605130695,21.121230961960805,39.754002810743025
262,A14F14,4.0,das,False,True,two_medium,45.4,68.1,0,0.589227053056912,1.0643987623096454,37.5,-7.5,15.0,184,0.8551080595569851,0.34651339910743034,0.7119171999984246,37.891345788987714,0.0,0.0,17.13822749809884,15.405673155550012,20.413580006447184
422,A1F4,,das,False,True,two_medium,22.9,34.349999999999994,1,-1.0071471163310226,-0.007928966099521907,5.0,0.0,10.0,302,0.7121493573909683,0.10111559305201025,0.6523052000011376,6.007152349137446,0.45754716981132076,0.627831715210356,7.477595952071059,6.3947543512993485,2.8476110249087556
93,A11F1,1.0,das,False,True,two_medium,33.1,49.650000000000006,1,2.281700856003288,-0.1665563323469958,7.5,-37.5,15.0,410,0.8920034542741102,0.17861072174978057,0.6351885000003676,37.69637465383186,0.0,0.0,10.628648384087844,9.092543689249531,5.057460047734445
275,A16F14,3.0,das,False,True,two_medium,57.0,85.5,1,-2.4687502218355184,-3.088394963486438,22.5,-52.5,15.0,181,1.289406508616219,0.27083259775152346,0.8271177999995416,55.361947219410766,0.0,0.0,18.460493913309787,16.92816092215484,17.392988147827566
346,A11F11,3.0,das,False,True,two_medium,33.1,49.650000000000006,1,0.02571411767504297,-0.08257065397787118,-7.5,-22.5,5.0,84,1.2551428437647687,0.04895480523094252,0.7679577000017161,23.64693450460054,0.0,0.0,21.52068802038944,18.175202184654278,46.73961753106376
453,A12F13,4.0,das,False,True,two_medium,39.0,58.5,1,-0.8420812952536321,2.294953603974959,37.5,5.0,15.0,375,0.45294011729956646,0.08633113068931376,0.7355959999986226,38.437383808689255,0.0,0.0,13.056728981857795,11.245454269463686,9.441495330033526
240,A2F2,2.0,das,False,True,two_medium,48.5,72.75,1,-0.4814545133162552,1.304894477669591,-37.5,-7.5,5.0,98,1.3683381335635543,0.09580905570340562,0.750232500002312,38.05126642718439,0.0,0.0,22.498994475512717,19.94203934868356,52.198602478321284
444,A2F14,4.0,das,False,True,two_medium,48.5,72.75,1,-2.2616930597190175,-2.7944430521890493,-22.5,22.5,5.0,58,1.5058873876711405,0.7029365099527147,0.7354364000020723,32.394411819470655,0.0,0.0,20.1778324252178,19.116123089791223,35.49031413312999
451,A12F13,4.0,das,False,True,two_medium,39.0,58.5,0,-0.610942251932484,2.4709067799181934,32.5,-7.5,10.0,160,1.321906179025291,0.39374023178623996,0.7196022999996785,34.579668575980115,0.0,0.0,15.257532563234339,13.87739857788661,11.853065337783535
81,A14F12,3.0,das,False,True,two_medium,45.4,68.1,1,0.20096259250447088,-0.028488666836005955,7.5,37.5,5.0,88,1.3149115506107099,0.007372066723124414,0.5841504999989411,38.231706850372994,0.0,0.0,17.87308687656083,16.805943808653904,21.944628277457173
97,A11F1,1.0,das,False,True,two_medium,33.1,49.650000000000006,1,0.6578754927653712,1.1003975342735055,0.0,-22.5,15.0,271,0.9459684545809265,0.01279530296807043,0.6533061000009184,23.609565094252037,0.0,0.0,12.209150366140829,10.700818356889796,8.322265530974704
460,A12F13,4.0,das,False,True,two_medium,39.0,58.5,1,2.915592137397645,-0.49433807001462854,15.0,7.5,5.0,307,0.7239399096656532,0.23169515697683707,0.6622253000023193,14.489387653293386,0.0,0.0,13.128120513136679,11.571591375965246,8.933766550439334
236,A15F13,2.0,das,False,True,two_medium,56.2,84.30000000000001,1,1.0776401374508575,3.215613715840642,-7.5,37.5,5.0,104,1.3599402121679023,0.6934117476739124,0.7366586999996798,35.34112410788687,0.0,0.0,20.594620776784144,19.105306415378156,23.0442501985624
22,A11F4,4.0,das,False,True,two_medium,33.1,49.650000000000006,1,-1.4088966728312162,-1.7005353395128122,0.0,12.5,15.0,175,1.3082182376638043,0.040230719723321276,0.5546857000008458,14.270255560552066,0.11069182389937107,0.19932049830124576,14.764360779389506,13.013045325719565,11.525699009011129
46,A16F13,2.0,das,False,True,two_medium,57.0,85.5,1,-1.371472622252402,2.7838140847151007,7.5,-37.5,5.0,311,1.1617542393179854,0.14887689985292804,0.6638644999984535,41.24910548968626,0.0,0.0,15.814804952639781,14.383019612701336,16.334458925364473
427,A1F4,,das,False,True,two_medium,22.9,34.349999999999994,1,-0.3230302335034989,1.1080105966657279,10.0,15.0,5.0,89,1.3298537273221955,0.06014367031724658,0.6001305999998294,17.307579922802002,0.0,0.0,14.155166624208473,12.527513456726716,10.993553899305057
289,A15F14,3.0,das,False,True,two_medium,56.2,84.30000000000001,1,-3.3598537817117844,-1.8940752795722302,-22.5,-22.5,15.0,245,0.8009263268777308,0.08832832643867754,0.740068600000086,28.123821412485697,0.0,0.0,15.364906180953382,14.282290130593683,18.34814711079891
466,A11F14,4.0,das,False,True,two_medium,33.1,49.650000000000006,1,0.8585441806228761,1.1292900485623671,7.5,-15.0,5.0,88,1.3149115506107099,0.7021575743086259,0.6290754999972705,17.44313426169137,0.0,0.0,15.446978510857225,14.32849921441223,13.696287573051995
168,A1F1,,das,False,True,two_medium,22.9,34.349999999999994,1,1.877329035121657,2.1403372549116124,-5.0,22.5,10.0,164,1.2259873770106509,0.03807555942212187,0.6255565999999817,21.48984694573387,0.0,0.0,12.733220405408996,10.706851753519981,9.05310850454015
500,A15F12,2.0,das,False,True,two_medium,56.2,84.30000000000001,1,1.8688333169243072,2.5088684754714388,22.5,-22.5,5.0,148,1.3585265529036943,0.1966137751243586,1.2110453999994206,32.420495695289446,0.0,0.0,16.017458147447435,15.227183907119352,15.893951958146696
186,A16F1,1.0,das,False,True,two_medium,57.0,85.5,1,0.059878559486886154,-0.1956246241717462,7.5,-37.5,5.0,109,1.337631247036279,0.0017180132137700921,0.8955740000019432,38.0390829178397,0.0,0.0,23.2676554718163,20.76788198685687,73.77165348995432
470,A2F14,4.0,das,False,True,two_medium,48.5,72.75,1,-1.5568132018978544,0.36109334681835376,-22.5,-22.5,5.0,125,1.3588203518986994,0.5128451287891056,0.8503950999984227,31.003978168489,0.0,0.0,19.946755681488376,17.999865944415575,25.766561024306956
66,A13F12,3.0,das,False,True,two_medium,43.8,65.69999999999999,1,0.10506935991627825,0.5011823997896612,7.5,22.5,10.0,137,1.3283894862401286,0.04395882927388155,0.5942571000014141,23.208467743023732,0.0,0.0,16.91598558976021,15.539330908060261,22.883847534558136
34,A11F11,3.0,das,False,True,two_medium,33.1,49.650000000000006,1,-0.29291312040717005,-2.4024686409581073,7.5,-37.5,5.0,258,0.9313770808689074,0.004869579481719177,0.6593515000022308,35.95227673459837,0.0,0.0,13.151058479041618,11.398248209049509,8.713438506764279
369,A15F5,4.0,das,False,True,two_medium,56.2,84.30000000000001,1,-1.5322504015204172,1.854672511559747,17.5,10.0,15.0,235,1.0512983604038468,0.0029993789782422962,0.697793700001057,20.70200268669953,0.006396588486140725,0.012711864406779662,15.782077856286929,14.643493264179968,17.55678936616263
142,A2F1,1.0,das,False,True,two_medium,48.5,72.75,1,1.3139111786542883,-3.127264891177288,-7.5,-37.5,10.0,196,0.9852034561657591,0.028284768389055418,0.7471636000009312,35.48478475525109,0.0,0.0,17.15983126136664,15.508685203285575,16.480361158447884
136,A2F1,1.0,das,False,True,two_medium,48.5,72.75,1,7.771015591021877,-8.655537453988863,7.5,37.5,10.0,113,1.3039484659527882,0.08651440394724381,0.7226039999986824,46.15633312035463,0.0,0.0,14.817506906522851,14.197967252375028,7.2679636984608775
190,A15F1,1.0,das,False,True,two_medium,56.2,84.30000000000001,1,-2.8145782159944996,-3.216329452682543,22.5,22.5,15.0,62,1.472807141947578,0.765909678157125,0.7324755000008736,36.085419088221926,0.0,0.0,23.140480599585125,21.556926709748666,37.78525691758607
247,A16F2,1.0,das,False,True,two_medium,57.0,85.5,1,-0.7723349196833259,2.4287136686919255,-7.5,-52.5,5.0,97,1.3543754995475996,0.33619147957806905,0.7322353999988991,55.3391819846486,0.0,0.0,22.805763960136147,20.704416746148773,60.77932528831591
73,A13F4,3.0,das,False,True,two_medium,43.8,65.69999999999999,1,0.22456825310062156,-0.021021880882899156,-7.5,-37.5,10.0,74,1.3756086175481934,0.03799809575258473,0.7055312999982561,38.266731707190104,0.0,0.0,20.00528240706867,18.498746821153485,45.84125019473103
263,A14F14,4.0,das,False,True,two_medium,45.4,68.1,0,0.635709375409648,1.0269326673327286,37.5,-22.5,10.0,185,0.8597553859676208,0.34914600906096926,0.7417838000001211,43.73205327888765,0.0,0.0,17.11108656667544,15.379893211873734,20.434088046885236
100,A11F1,1.0,das,False,True,two_medium,33.1,49.650000000000006,1,0.06854880279416013,1.914681096417126,-7.5,22.5,5.0,289,0.8337192625229111,0.0050139204977545345,0.7331337000032363,21.932585012772282,0.0,0.0,11.359899540090106,10.02723950974052,6.190018348334619
440,A2F12,3.0,das,False,True,two_medium,48.5,72.75,1,0.24787693033503305,-0.4163844843357654,-22.5,22.5,5.0,113,1.3867186322486196,0.020821329561213815,0.6944134000004851,32.289728748807626,0.0,0.0,17.951610517902605,16.742380171294997,30.283324600189033
15,A13F14,4.0,das,False,True,two_medium,43.8,65.69999999999999,1,-1.7689270003695654,-1.6432817520614262,-22.5,-37.5,5.0,368,0.867784647416809,0.04857506022659431,0.661901499999658,41.418373111797344,0.0,0.0,14.021709198842608,12.248119504899865,10.318553999119846
65,A13F12,3.0,das,False,True,two_medium,43.8,65.69999999999999,1,0.01397089114223075,-0.2397434662318168,-7.5,7.5,15.0,82,1.413501221368247,0.03081547909046601,0.6536799000023166,10.787186263155506,0.11408450704225352,0.20480404551201012,18.888135111136087,17.571231485834538,26.412625620835158
432,A16F4,2.0,das,False,True,two_medium,57.0,85.5,1,1.4767292981001108,3.7216374084274992,-22.5,37.5,15.0,48,1.5079644737231006,0.9241375591117835,0.9989341000000422,41.422956524155985,0.0,0.0,22.165915287071908,21.143155728746663,35.39160551987757
119,A14F3,2.0,das,False,True,two_medium,45.4,68.1,1,0.9557658813057612,-2.477555629831489,22.5,-37.5,5.0,340,0.8241832578862112,0.009056063727989705,0.9646443000019644,41.11843422873319,0.0,0.0,14.89909142243701,13.041535022187558,13.141299251880243
50,A3F13,2.0,das,False,True,two_medium,56.9,85.35,1,0.4470903133719366,0.5991447661612902,-22.5,37.5,5.0,361,0.7456377041064531,0.010263102019795571,0.9773210000021209,43.45390742889263,0.0,0.0,16.088395556831472,14.375290417090822,14.622285902066636
349,A16F5,4.0,das,False,True,two_medium,57.0,85.5,1,-0.04632684517952378,1.1536506018304404,22.5,37.5,10.0,64,1.3962634015954636,0.31901480791617765,0.8937345999984245,42.771415323595306,0.0,0.0,23.201611260743977,21.587965956785176,77.80240064178686
492,A15F3,2.0,das,False,True,two_medium,56.2,84.30000000000001,1,3.0112251773304433,1.3371240536939277,-22.5,-10.0,5.0,141,1.2942719186447358,0.19496039894102113,0.6569639000008465,27.916894380595135,0.0,0.0,19.49248822395884,17.94155382337143,40.81141526068137
229,A2F13,3.0,das,False,True,two_medium,48.5,72.75,1,-0.2647984078308176,-1.6568544842171484,7.5,-37.5,5.0,216,1.043574030258201,0.054389181412033465,0.7441251999989618,36.674557594875445,0.0,0.0,13.865762429653747,12.95456079832621,11.420820816531174
385,A3F5,4.0,das,False,True,two_medium,56.9,85.35,1,-3.4156579284779314,-3.331052962963965,22.5,37.5,10.0,197,1.169931479692229,0.22551918097165696,0.7253491999981634,48.36110226132412,0.0,0.0,15.8952342125379,14.918767005771556,20.22711156969938
112,A13F1,1.0,das,False,True,two_medium,43.8,65.69999999999999,1,0.008088864486042647,1.5726014813924523,22.5,-22.5,10.0,463,0.527730575460163,0.008784908704243092,0.6702441000015824,32.94504831700502,0.0,0.0,13.528498355654952,11.58708487549072,10.112322278719379
379,A3F5,4.0,das,False,True,two_medium,56.9,85.35,1,-1.0575425648441383,2.249330728766008,22.5,-37.5,15.0,238,1.1060636857313177,0.006431568799966153,0.6984381000002031,46.205704248277236,0.0,0.0,15.970722114233142,14.7977569935497,18.9496171428857
103,A13F1,1.0,das,False,True,two_medium,43.8,65.69999999999999,1,-6.63947817974053,2.2968054215713147,-22.5,22.5,15.0,275,0.9927468885230601,0.0511744975418643,0.7132619000003615,25.685116771873492,0.015479876160990712,0.03048780487804878,13.982716154362265,12.604713750878847,8.564801161352053
137,A2F1,1.0,das,False,True,two_medium,48.5,72.75,1,-8.849124982937646,8.568972535959379,-7.5,37.5,5.0,77,1.431376534475823,0.1764862066749563,0.6811369999995804,28.962466889832765,0.0,0.0,15.397911039392444,14.905998220760468,7.147984864544526
298,A15F14,3.0,das,False,True,two_medium,56.2,84.30000000000001,1,0.05584345167135868,2.3181784014352065,-7.5,-22.5,5.0,61,1.4490521880451976,0.7660621319579551,0.7461761000013212,25.942874733375824,0.0,0.0,21.870612197175596,20.656335418010002,41.67944191076874
447,A12F13,4.0,das,False,True,two_medium,39.0,58.5,1,2.0657005073858308,0.8010639894044895,22.5,-22.5,10.0,375,0.41940094165047076,0.0059294044159431975,0.695076699998026,30.991937319118573,0.005813953488372093,0.011560693641618497,13.678383990172483,11.63371322305479,10.739574744929646
352,A16F5,4.0,das,False,True,two_medium,57.0,85.5,1,0.07631697479568186,-0.06406887515752754,-7.5,37.5,10.0,75,1.5079644737231006,0.00080160933853284,0.6625959999983024,38.32048863676135,0.0,0.0,20.58553405531893,19.487820302590823,52.58016281771675
259,A14F14,4.0,das,False,True,two_medium,45.4,68.1,1,1.0871585414706133,1.0365959479127502,-22.5,-37.5,10.0,383,0.556471262030242,0.044267865816678055,0.7416627000020526,45.182112337883844,0.0,0.0,15.176473123740513,13.022108849451872,14.34229707410293
316,A11F12,4.0,das,False,True,two_medium,33.1,49.650000000000006,1,0.9484992511592506,1.5443926064739533,15.0,7.5,10.0,170,1.2708405737305528,0.04148198087083971,0.6631649999981164,15.2615180346024,0.02754237288135593,0.05360824742268041,14.44073197938248,12.83708771731352,9.913929918936804
255,A3F2,1.0,das,False,True,two_medium,56.9,85.35,1,3.5715541810353093,0.6138012468929859,-7.5,37.5,5.0,82,1.413501221368247,0.6541603160825309,0.6639463999999862,38.51195879772041,0.0,0.0,23.077341634586602,21.145522641795743,41.27061865703514
465,A11F14,4.0,das,False,True,two_medium,33.1,49.650000000000006,1,-1.1872563702765009,0.859721896895844,-5.0,-27.5,10.0,157,1.2971204381685668,0.5940571857406834,0.7352581999984977,28.614870959961898,0.0,0.0,13.442031728390106,12.221201909585446,11.019108669030917
125,A14F1,1.0,das,False,True,two_medium,45.4,68.1,1,10.912807881382356,-9.749060613351777,22.5,7.5,15.0,139,1.2096437087229397,0.1426664377271518,0.7498083999998926,20.779632172799364,0.0,0.0,14.867876705024614,14.016412636262952,7.270749744300237
261,A14F14,4.0,das,False,True,two_medium,45.4,68.1,1,0.3231058145754492,1.553316432628705,7.5,-45.0,15.0,412,0.6685620729746874,0.04222078634298584,0.6617815999998129,47.103281000639846,0.0,0.0,14.9290351552024,12.750490001281076,13.831423310658288
170,A1F1,,das,False,True,two_medium,22.9,34.349999999999994,1,1.508580934904676,1.7089920036926185,-7.5,30.0,5.0,166,1.2409384425839518,0.027364419817185792,0.5803855000012845,29.690666275916684,0.0,0.0,12.960659585155046,10.822898068068948,9.220762056117549
400,A2F5,4.0,das,False,True,two_medium,48.5,72.75,1,0.30304683086905476,1.4892217077510843,-10.0,-15.0,5.0,213,1.0706547763434016,0.06894490550068837,0.6922899999990477,19.4434360781846,0.0,0.0,12.314087024579777,11.676690916641965,11.820647074919414
134,A2F1,1.0,das,False,True,two_medium,48.5,72.75,1,10.213592432568449,-8.102121388128795,-7.5,22.5,15.0,88,1.3149115506107099,0.1084908438269789,0.738053500001115,35.359032655333145,0.0,0.0,15.079253005517838,14.559708903595476,6.617272125549407
148,A12F1,1.0,das,False,True,two_medium,39.0,58.5,1,-8.520974140712624,5.952479251458242,7.5,-37.5,5.0,165,1.2959069696057894,0.2860391109777286,0.5948681000008946,46.31187283533016,0.0,0.0,12.033737535257412,11.324404475496612,4.224626741654533
254,A3F2,1.0,das,False,True,two_medium,56.9,85.35,1,-1.0022203250281128,0.0914627655263883,22.5,-37.5,10.0,104,1.3599402121679023,0.05944430568797634,0.6244097999988298,44.33364899326607,0.0,0.0,22.25411751146558,20.247764140888528,62.34017441908385
53,A16F12,2.0,das,False,True,two_medium,57.0,85.5,1,1.975887042320765,2.090748117737457,22.5,37.5,5.0,301,1.2971459379019585,0.14550910831336658,0.7912763999993331,40.92742761964268,0.0,0.0,16.048247642112493,14.588824427922704,12.599440941732542
54,A12F11,2.0,das,False,True,two_medium,39.0,58.5,1,-0.7661897975114983,2.0598296214132024,-22.5,-22.5,15.0,146,1.3401680859725633,0.12561421476306778,0.7676286000023538,32.79548348402015,0.0,0.0,18.380133383011255,16.04605339637969,27.915343084118643
253,A3F2,1.0,das,False,True,two_medium,56.9,85.35,1,-0.15852050371280313,1.0307486104327281,22.5,-37.5,15.0,104,1.3599402121679023,0.002714841956894341,0.5963406999981089,44.69929686133259,0.0,0.0,22.431575840667012,20.35832599133455,59.48330359631132
188,A16F1,1.0,das,False,True,two_medium,57.0,85.5,1,-1.5815558064305928,-4.505676868694483,-7.5,37.5,10.0,62,1.3526301702956054,0.7885461358123481,0.7012845000026573,42.420571317104745,0.0,0.0,24.04805899920186,22.2006197553978,53.70047303270143
146,A12F1,1.0,das,False,True,two_medium,39.0,58.5,1,9.794807328997283,-9.85404821291267,22.5,-22.5,10.0,114,1.3154878329081228,0.046788993398278654,0.755721800000174,17.92601510120524,0.004662004662004662,0.009280742459396751,13.30315219712572,12.632513540685594,5.119018236032716
285,A15F14,3.0,das,False,True,two_medium,56.2,84.30000000000001,1,0.550949223940481,0.831573202154371,-37.5,-22.5,15.0,287,1.2839260827059746,0.22772747086941555,0.7577044999998179,44.634482689176366,0.0,0.0,16.95633036350234,15.245480016510058,16.147091763447985
324,A14F11,2.0,das,False,True,two_medium,45.4,68.1,1,0.13019255787194361,-0.04397696348053594,-22.5,-22.5,10.0,90,1.442568055219803,0.005659281603456075,0.7551480000001902,31.881006662636228,0.0,0.0,21.180438469664544,19.097452194034325,41.99186853752356
4,A1F11,,das,False,True,two_medium,22.9,34.349999999999994,1,-1.0458755023276862,0.5398043415861208,10.0,-17.5,15.0,275,1.1851001093788658,0.049003519414885184,0.7214048999994702,21.15291720533204,0.0627027027027027,0.11800610376398779,8.764750380027584,7.409708074709612,3.4777168783773957
175,A1F1,,das,False,True,two_medium,22.9,34.349999999999994,1,2.237546997083321,-0.5717997739207852,20.0,-22.5,5.0,285,0.7745276005822587,0.2880202297631607,0.6395310000007157,28.219686423414494,0.0,0.0,10.39445461450092,8.411264705338686,5.391596531953675
67,A13F12,3.0,das,False,True,two_medium,43.8,65.69999999999999,1,-0.10153733783507095,0.22225397734687574,-22.5,22.5,5.0,127,1.3805614775290787,0.045113029338151804,0.8371470999991288,31.590965440743233,0.0,0.0,17.339935982370807,15.935013336936416,24.34258135566658
120,A14F1,1.0,das,False,True,two_medium,45.4,68.1,1,9.859144232041583,-10.429994387113094,-22.5,-22.5,15.0,132,1.279908118129175,0.1082705592313874,0.8145957999986422,34.53692590438807,0.0,0.0,14.507696985398859,13.756732267427756,6.586761492768118
143,A2F1,1.0,das,False,True,two_medium,48.5,72.75,1,9.57955856272879,-10.262065876411492,37.5,-22.5,5.0,134,1.2993006653735564,0.13069499181799438,0.6448893000015232,30.48471882214732,0.0,0.0,15.60229586359159,14.742020146590189,7.788894498891116
315,A11F12,4.0,das,False,True,two_medium,33.1,49.650000000000006,1,0.17595931457814754,0.03956637044722162,2.5,-5.0,15.0,65,1.5440720036547186,0.06731769167461654,0.5703907999995863,5.549630105659174,0.09180790960451977,0.16817593790426907,21.671609335074777,18.816117934437862,48.68026764752064
145,A12F1,1.0,das,False,True,two_medium,39.0,58.5,1,-6.782167679777312,0.7058872494536024,22.5,-22.5,15.0,284,0.8713010875190442,0.010327837288056552,0.6011495999991894,37.36252864918204,0.0,0.0,12.272422381490225,11.05422411140057,5.045967055384055
196,A15F1,1.0,das,False,True,two_medium,56.2,84.30000000000001,1,-4.405366895773177,-1.9671504891112073,7.5,22.5,5.0,61,1.583778114619648,0.7764065353620183,0.7737656000026618,27.20991021631249,0.0,0.0,23.884899139134433,22.083030036266635,58.122038246924895
267,A14F14,4.0,das,False,True,two_medium,45.4,68.1,1,-2.149501121916173,3.5217899815844564,7.5,15.0,5.0,240,0.7598712389635176,0.012855946375774236,0.6789414999984729,14.995405200551149,0.0,0.0,14.562898032977568,13.266763289001135,6.651241096610195
14,A13F14,4.0,das,False,True,two_medium,43.8,65.69999999999999,1,1.4536276557100627,-2.911206732796112,-22.5,-37.5,10.0,294,1.0613366735482899,0.04315697174614599,0.7391258999996353,42.07328009021601,0.0,0.0,14.356319775505956,12.783066892563754,11.246775369216381
189,A16F1,1.0,das,False,True,two_medium,57.0,85.5,1,-1.3975715543980671,-1.5022168736843053,-7.5,-52.5,5.0,99,1.214912784005428,0.2935564011257781,0.6854994000022998,51.36159573779247,0.0,0.0,22.819964870874404,20.67885286314407,62.11190186003375
344,A11F11,3.0,das,False,True,two_medium,33.1,49.650000000000006,1,1.0024111106923523,0.5750340149263287,-7.5,-37.5,10.0,235,0.9089249290164375,0.0188785579798368,0.7023974000003363,39.01280828052528,0.0,0.0,14.507533245356097,12.392697116504488,12.246788005300445
195,A15F1,1.0,das,False,True,two_medium,56.2,84.30000000000001,1,-3.138928298337717,-4.545160110682878,-22.5,-22.5,10.0,58,1.6527199447456509,0.7514571597083308,0.705992300001526,26.405063394885484,0.0,0.0,24.191586738302746,22.359328848837446,62.40007735930786
217,A14F13,3.0,das,False,True,two_medium,45.4,68.1,1,0.5730349937139428,0.29125700453057074,15.0,0.0,10.0,224,0.9653179072758761,0.01735674705725687,0.6231173000014678,14.4299047098479,0.0611439842209073,0.11524163568773234,15.754595282517677,14.198883220385866,15.416200670059947
360,A16F5,4.0,das,False,True,two_medium,57.0,85.5,1,0.7910763561515444,-1.9421674032566028,22.5,20.0,5.0,247,0.9226794119342199,0.013823378193078786,0.7596365999997943,30.866423118446672,0.0,0.0,15.17065610878321,14.145447321721472,15.429865483104997
75,A13F4,3.0,das,False,True,two_medium,43.8,65.69999999999999,1,1.886352954462734,-1.1726595753074587,-22.5,22.5,15.0,297,0.85679799643358,0.016521768961213143,0.722218700000667,33.986600621245266,0.0,0.0,15.43247463947344,13.47415878394434,13.345203084701975
76,A13F4,3.0,das,False,True,two_medium,43.8,65.69999999999999,1,2.2425538436425048,-1.8785834712426892,7.5,37.5,10.0,262,0.97871257460229,0.03637977752290176,0.72939100000076,39.72799486871476,0.0,0.0,15.900736840592927,13.965263675805524,12.511549703160654
303,A11F3,2.0,das,False,True,two_medium,33.1,49.650000000000006,1,2.9516037617320023,-0.7528477598176608,7.5,-22.5,15.0,129,1.3233157626549659,0.7733330807793024,0.6802400000015041,22.21770777776047,0.0,0.0,14.924113131384386,13.524305358902858,9.962387952992495
127,A14F1,1.0,das,False,True,two_medium,45.4,68.1,1,11.075530789251811,-9.74990695035178,-22.5,7.5,5.0,144,1.253156072346067,0.14182143887144114,0.6717821999991429,37.74752386019236,0.0,0.0,14.6429471932734,13.805485028286562,6.943470195432137
187,A16F1,1.0,das,False,True,two_medium,57.0,85.5,1,-0.5386637159050364,-3.786593988344607,22.5,7.5,15.0,77,1.3273121225043296,0.6685236114854796,0.7101934999991499,25.65477011536638,0.0,0.0,22.650490461441027,20.95798004860118,31.657504796041504
399,A2F5,4.0,das,False,True,two_medium,48.5,72.75,1,0.2258607181278191,1.5870404110820355,-10.0,-15.0,10.0,209,1.0097545014998337,0.06727756077623388,0.8425026000004436,19.485844529437724,0.0,0.0,12.424691394974072,11.782490638006788,12.123471322373831
456,A12F13,4.0,das,False,True,two_medium,39.0,58.5,1,2.802559818478569,-0.5492660777673439,-22.5,-7.5,5.0,293,0.73040003769237,0.23071762126121967,0.8019082999999227,26.239897778485382,0.0,0.0,13.228310811094271,11.700906286287552,8.522788321555526
232,A2F13,3.0,das,False,True,two_medium,48.5,72.75,1,0.31693938798470356,0.36253893985206553,12.5,0.0,5.0,251,1.261663609681661,0.03975003173398391,0.7205976000004739,12.188453567165427,0.009174311926605505,0.01818181818181818,16.524641281076033,14.734344342635397,14.898043344037267
198,A3F1,,das,False,True,two_medium,56.9,85.35,1,-1.1335643683332814,-2.260392102483216,30.0,7.5,15.0,90,1.1768713374529922,0.4364325965601681,0.7876251000016055,32.627658271340415,0.0,0.0,23.817794678478865,21.438027988924134,63.80769148207955
359,A16F5,4.0,das,False,True,two_medium,57.0,85.5,1,0.13928559714232536,-0.04931316712725087,17.5,17.5,10.0,75,1.5079644737231006,0.0022973227238338393,0.8272979000030318,24.685477455692364,0.0,0.0,21.410192929181918,20.112534273166773,53.79041103621674
246,A16F2,1.0,das,False,True,two_medium,57.0,85.5,1,2.3079976900677983,-0.4077628060552624,7.5,-52.5,10.0,95,1.3264502315156905,0.38560429785222283,0.8454648000006273,52.35033967279048,0.0,0.0,22.43598931963725,20.506207375592812,54.19322992730181
498,A15F12,2.0,das,False,True,two_medium,56.2,84.30000000000001,1,0.7932016646122801,0.6820762696302962,7.5,-22.5,15.0,257,1.291822899156123,0.2120083373404037,0.6588114000005589,24.132753760864418,0.0,0.0,17.816378617116822,15.972383004899523,16.30687286929959
114,A13F1,1.0,das,False,True,two_medium,43.8,65.69999999999999,1,-1.9829318087960863,3.76446022974344,-7.5,-37.5,10.0,357,0.6065703500981915,0.17238601633696385,0.5950876999995671,41.63164324739623,0.0,0.0,13.303862693465987,11.806481170253754,7.530532635153168
328,A12F3,2.0,das,False,True,two_medium,39.0,58.5,1,-3.469415336847324,2.694768047196132,22.5,-22.5,5.0,255,1.1850682347121262,0.09218485233984866,0.7271189000020968,36.18268743321447,0.0,0.0,15.003205485063942,13.068497539805575,11.758904510766255
6,A1F11,,das,False,True,two_medium,22.9,34.349999999999994,1,-1.2873017607457604,-0.30204075506373707,-15.0,-25.0,5.0,286,0.8506466262027748,0.02059787699085182,0.615980300000956,28.249376698705742,0.0,0.0,10.734536524072242,8.605035610347462,4.230117099075371
366,A15F5,4.0,das,False,True,two_medium,56.2,84.30000000000001,1,-1.232044254246071,-0.11205237122857015,37.5,-22.5,10.0,290,0.7654374035211426,0.020545271203930782,0.57769990000088,44.736913741802624,0.0,0.0,14.64054913865066,13.561393775182221,15.163805586995284
214,A14F13,3.0,das,False,True,two_medium,45.4,68.1,1,2.9205748544109804,1.1846483390122913,22.5,-37.5,10.0,242,0.873617261900293,0.027644837728588587,0.7318774000013946,43.357305107037845,0.0,0.0,14.893359048850304,13.496490814910032,16.284121976359827
477,A13F11,2.0,das,False,True,two_medium,43.8,65.69999999999999,1,1.0854509982147629,0.5088832938559205,-7.5,-37.5,15.0,85,1.3624253854853694,0.1628546054076311,0.706716000000597,38.966462221873655,0.0,0.0,21.32395664003097,19.157046544707296,43.63646067092861
284,A16F14,3.0,das,False,True,two_medium,57.0,85.5,1,-0.33344636443101117,1.0874010287034257,17.5,-7.5,5.0,372,0.6785730684484848,0.03819729521059747,0.657970899999782,19.793313660446408,0.008908685968819599,0.017660044150110375,14.584242643895735,13.284893069446841,11.386696080072506
197,A3F1,,das,False,True,two_medium,56.9,85.35,1,1.3084973116849092,-3.913106543205399,-22.5,-37.5,15.0,76,1.4127872288332797,0.7354146980408394,0.6991997999975865,41.16945416590532,0.0,0.0,23.221751385829673,21.355416800281873,32.18130286647987
115,A13F1,1.0,das,False,True,two_medium,43.8,65.69999999999999,1,9.74491479125718,-10.39686429967193,22.5,-7.5,5.0,124,1.2023379291516492,0.10442163129757803,0.6414920999995957,13.07990907663366,0.0,0.0,14.12846289710356,13.430451590139633,6.109932039142659
183,A16F1,1.0,das,False,True,two_medium,57.0,85.5,1,-1.3620677017685137,-1.4488999050905085,-7.5,-37.5,15.0,96,1.340412865531645,0.29703714263313574,0.7335848000002443,36.56987873853093,0.0,0.0,22.69703705676608,20.65423695189237,62.37212243968645
174,A1F1,,das,False,True,two_medium,22.9,34.349999999999994,1,2.711028512132608,-0.5530334029298535,-7.5,-40.0,5.0,267,0.7256100679139055,0.2495632680104558,0.6601397000013094,40.747125996638744,0.0,0.0,10.440065261077613,8.540907424357528,5.5680702652248915
251,A3F2,1.0,das,False,True,two_medium,56.9,85.35,1,0.4710437915842629,1.4452604567627962,22.5,22.5,10.0,95,1.3264502315156905,0.13856465461189288,0.7256398999998055,30.4725609174197,0.0,0.0,23.265539894722895,21.017868265533572,84.26065056957326
223,A15F2,1.0,das,False,True,two_medium,56.2,84.30000000000001,1,0.20203715413146395,-2.1623144975351414,7.5,-22.5,15.0,390,0.8055365778435366,0.01766878497241267,0.7429637999994156,21.60744578373036,0.08062930186823992,0.1492265696087352,16.609367762679025,14.555513267427207,15.941111525777146
334,A13F3,2.0,das,False,True,two_medium,43.8,65.69999999999999,1,-1.3755739235027855,-1.0374373605537799,22.5,-22.5,10.0,234,0.9720762723173707,0.027361297373520745,0.76901590000125,32.10427736655661,0.0,0.0,15.713998450786343,14.01183380220414,14.529473406583085
335,A13F3,2.0,das,False,True,two_medium,43.8,65.69999999999999,1,3.786576177756487,2.109567502857802,22.5,-37.5,5.0,232,0.8666462492661499,0.08240268195075809,0.7701122999969812,43.807648520713364,0.0,0.0,15.89440750181602,14.143698762004068,16.860379017941163
209,A12F2,2.0,das,False,True,two_medium,39.0,58.5,1,4.604496872072561,-5.1221711950958095,12.5,-7.5,15.0,243,0.8482300164692441,0.0741183726510748,0.7577743000001647,8.245789196222765,0.25925925925925924,0.4117647058823529,12.622887362469326,11.477450744610213,6.597732525897323
108,A13F1,1.0,das,False,True,two_medium,43.8,65.69999999999999,1,-3.9321236757923446,1.26969056174311,-7.5,-22.5,15.0,340,0.7595672904679323,0.3489152497726949,0.7386034999981348,24.03597160228521,0.044820717131474105,0.08579599618684461,13.943623051095006,12.307950570529334,9.71305196968535
110,A13F1,1.0,das,False,True,two_medium,43.8,65.69999999999999,1,-0.8415723960113499,2.0632736960195066,22.5,-22.5,5.0,469,0.5345694166108346,0.04593373214892545,0.6440370999989682,33.884855268745106,0.0,0.0,13.641975415207629,11.63681351423465,10.43216612664115
45,A16F13,2.0,das,False,True,two_medium,57.0,85.5,1,-1.1267796708671622,2.5219254905297452,-7.5,-7.5,10.0,314,1.096066770252439,0.1559591515998338,0.7355375000006461,11.876738942209768,0.11879432624113476,0.21236133122028525,15.654961097616184,14.25724201441274,16.051503052282676
288,A15F14,3.0,das,False,True,two_medium,56.2,84.30000000000001,1,-2.9524741448124154,-1.1707200954286257,-7.5,37.5,5.0,288,0.8565952040083885,0.12922660114201526,0.749840899999981,38.93718767582717,0.0,0.0,14.508046123944947,13.465160819131723,15.67408070803763
319,A2F3,,das,False,True,two_medium,48.5,72.75,1,1.2988415967891838,1.5291998577313968,37.5,7.5,10.0,303,1.2587141474878774,0.07259084055923525,0.6702250000016647,36.69024835120739,0.0,0.0,13.88655025691245,12.650936234822971,8.588714260970068
5,A1F11,,das,False,True,two_medium,22.9,34.349999999999994,1,0.5362813505421755,0.5732750702496024,-22.5,-30.0,10.0,130,1.4131731659746474,0.22779046684906137,0.6582205000013346,38.280483369237686,0.0,0.0,13.33293630586991,11.443646205499775,9.82789475818258
1,A1F11,,das,False,True,two_medium,22.9,34.349999999999994,1,-0.7549384887584897,-0.24898193146903264,-7.5,7.5,15.0,230,0.8895861007394921,0.008769421901711193,0.6476497000003292,10.273391638824306,0.1880559085133418,0.3165775401069519,9.776176199186562,8.318400198906726,3.8142932875363913
384,A3F5,4.0,das,False,True,two_medium,56.9,85.35,1,0.5558274324978447,-0.0896482145070344,-7.5,37.5,10.0,311,0.7975798491970821,0.011782568633407318,0.7111265999992611,38.44317895950564,0.0,0.0,14.85897557864594,13.68195931678477,15.491592650984112
406,A1F3,,das,False,True,two_medium,22.9,34.349999999999994,1,-0.029589906449060385,0.0003751449223517514,7.5,-25.0,10.0,196,1.2722152068256185,0.17875679563886543,0.7054716000020562,26.109643458809444,0.0,0.0,6.3191951238884165,5.783080814992381,2.2780095284512396
371,A15F5,4.0,das,False,True,two_medium,56.2,84.30000000000001,1,-0.05430852751241174,-0.06344108737845147,32.5,17.5,5.0,75,1.2928364829587626,0.0456762213964158,0.6759012000002258,36.98996440298748,0.0,0.0,21.128685888717882,19.87731895929336,53.27771236079091
252,A3F2,1.0,das,False,True,two_medium,56.9,85.35,1,0.8606591965135336,-0.1691724439517409,37.5,37.5,5.0,113,1.3867186322486196,0.0035565319334096286,0.7356701999997313,52.54909939405434,0.0,0.0,21.8440571087556,19.85693721960094,49.60802680780193
376,A3F5,4.0,das,False,True,two_medium,56.9,85.35,1,-0.3877491945040198,-0.5885994960200931,7.5,-52.5,10.0,296,0.8803895152308439,0.00196829796339702,0.720493600001646,52.50723844995091,0.0,0.0,15.019178359247745,13.85378599828385,15.228424990436277
173,A1F1,,das,False,True,two_medium,22.9,34.349999999999994,1,2.1498979370916436,-0.7449868427210324,0.0,-22.5,10.0,271,0.7152880563938953,0.18281812751524862,0.727514299996983,21.86098485003116,0.0,0.0,10.00226517100721,8.247020513574073,4.965881627740104
157,A12F1,1.0,das,False,True,two_medium,39.0,58.5,1,1.5639143412775938,-0.9843039574025692,-22.5,-22.5,15.0,367,0.7580305745348154,0.04743159406602554,0.671409999999014,32.279980632301935,0.0,0.0,13.96049237715367,11.839377592652768,8.93803975412992
163,A12F1,1.0,das,False,True,two_medium,39.0,58.5,1,-8.787590426896722,9.003652721496616,-7.5,7.5,5.0,140,1.2183461814475651,0.2726210077085289,0.7074514999985695,1.979611228069861,0.5454545454545454,0.7058823529411765,14.322307976746448,13.3118464061553,5.774099373427681
439,A2F12,3.0,das,False,True,two_medium,48.5,72.75,1,-1.3700696294756858,-1.2481126540570004,-22.5,22.5,10.0,82,1.413501221368247,0.3588832672234757,0.7122075000006589,31.78752604549445,0.0,0.0,20.22413193207906,18.775978316037275,46.45272856934453
193,A15F1,1.0,das,False,True,two_medium,56.2,84.30000000000001,1,0.3321748100342073,-4.544928874133549,-22.5,-22.5,5.0,62,1.472807141947578,0.7336375219870117,0.7337755999978981,29.04639023512016,0.0,0.0,23.044372102215842,21.490101178668088,40.97336857582075
448,A12F13,4.0,das,False,True,two_medium,39.0,58.5,0,1.3215834305064602,1.2364136483375092,22.5,-22.5,5.0,236,1.0557719704481183,0.13387825964642416,0.6064077999981237,31.811046214734617,0.0,0.0,14.57014731948155,12.901345087807858,13.805859388999336
290,A15F14,3.0,das,False,True,two_medium,56.2,84.30000000000001,1,0.8812367468968285,1.0067061418621952,-22.5,7.5,15.0,279,1.296604068567385,0.22171078122935833,0.7563528999999107,24.266130654526872,0.0,0.0,16.911117165410964,15.254551388894026,15.376587861179187
7,A1F11,,das,False,True,two_medium,22.9,34.349999999999994,1,-0.2202470556098044,-0.26291167259034476,-20.0,-12.5,5.0,244,0.8808372392713698,0.007888472623970643,0.6956083000004583,23.259083328324405,0.0,0.0,9.413103365556967,7.99791917578451,4.027972407903376
249,A3F2,1.0,das,False,True,two_medium,56.9,85.35,1,-0.19960585828967567,0.7002506271731692,-22.5,-7.5,15.0,97,1.3543754995475996,0.000890953687033742,0.7907582000007096,23.760296488555905,0.0,0.0,22.947065715123422,20.79068416964569,73.40666010965029
266,A14F14,4.0,das,False,True,two_medium,45.4,68.1,1,2.401359506745131,-0.4303714960342598,-5.0,-27.5,10.0,362,0.48347605084472534,0.020228238464381945,0.7187330999986443,28.063230567609303,0.0,0.0,15.437631813166702,13.273792790495866,14.3061522624132
147,A12F1,1.0,das,False,True,two_medium,39.0,58.5,1,0.04516054243661888,-0.028249181890729683,-22.5,-7.5,10.0,212,1.2590125568261552,0.0006777434138451179,0.723253799998929,23.75102785506677,0.0,0.0,15.265655780551768,13.514545342819064,11.381552452062792
441,A2F14,4.0,das,False,True,two_medium,48.5,72.75,1,-0.8681198534738406,-2.6319971668176185,-37.5,-10.0,15.0,78,1.449965840118366,0.8142458328329458,0.7310246999986703,37.36552032046711,0.0,0.0,19.58615081363948,18.36549228672307,32.50839897591368
139,A2F1,1.0,das,False,True,two_medium,48.5,72.75,1,-1.4048408549790274,0.2024405767806534,-7.5,37.5,15.0,178,1.155379116402858,0.19526597366167198,0.6939196999992419,37.792312762408585,0.0,0.0,17.66750836597331,15.984902938256113,19.60882603784688
450,A12F13,4.0,das,False,True,two_medium,39.0,58.5,1,-0.8783287907079376,2.3312417431052976,-7.5,-37.5,10.0,274,0.7670272996957926,0.2720025476890544,0.6791945999975724,40.377894303711045,0.0,0.0,13.018606631612094,11.6367159109728,7.884462911371257
351,A16F5,4.0,das,False,True,two_medium,57.0,85.5,1,-1.1593379737755092,2.050599966259652,-7.5,37.5,15.0,53,1.5102440874399914,0.831218669265288,0.7662287000021024,36.011997413125464,0.0,0.0,23.734595779163612,22.20701101056987,57.966545725721474
107,A13F1,1.0,das,False,True,two_medium,43.8,65.69999999999999,1,-1.247646777805279,0.6927317270009585,7.5,37.5,15.0,442,0.5554335811546754,0.09274403909599821,0.684631599997374,37.83247707816353,0.0,0.0,14.040242794120319,11.976010994433166,12.007768191257103
350,A16F5,4.0,das,False,True,two_medium,57.0,85.5,1,-0.9335844924981861,0.8792909928431583,22.5,37.5,5.0,57,1.479923812021638,0.05353759833800446,0.7558566000006977,43.476536319650734,0.0,0.0,23.286544357309417,21.798285768429736,82.65660396380555
132,A14F1,1.0,das,False,True,two_medium,45.4,68.1,1,8.307241057421464,-9.498341462741433,-22.5,-37.5,5.0,126,1.2925409774769436,0.10221181496185461,0.7308668000005127,41.6314662533918,0.0,0.0,14.56086193731021,13.832898895813429,6.845355930922338
152,A12F1,1.0,das,False,True,two_medium,39.0,58.5,1,-0.16774176191332985,0.9256874979725027,-22.5,7.5,5.0,438,0.6646625201170533,0.006323056432201435,0.802005099998496,23.279848429208144,0.0019305019305019305,0.0038535645472061657,13.235189225535516,11.110358506491057,7.770960540317321
337,A16F3,2.0,das,False,True,two_medium,57.0,85.5,1,2.113374265959831,0.4695073887083161,22.5,22.5,10.0,263,0.782237981438216,0.016137839294673224,0.8233379000012064,30.015947653139428,0.0,0.0,14.488976729989302,13.551162750368693,12.163831261956787
305,A11F3,2.0,das,False,True,two_medium,33.1,49.650000000000006,1,2.7564815946978287,-2.488728895701766,-7.5,-37.5,10.0,59,1.401542280240437,0.8769563615231292,0.6831338000010874,36.48266052580381,0.0,0.0,16.1750267954066,15.262084644151646,15.13634563806321
424,A1F4,,das,False,True,two_medium,22.9,34.349999999999994,1,-0.9762708586457653,-0.15391365423732184,0.0,17.5,15.0,83,1.4307390411410308,0.36319761129371686,0.6694624000010663,17.680887197782464,0.014102564102564103,0.02781289506953224,14.734463283125889,13.011521123915998,14.438040202281835
486,A16F11,2.0,das,False,True,two_medium,57.0,85.5,1,-0.011542956481446164,1.2941102924734706,7.5,-22.5,10.0,166,1.3714776607387396,0.03151832678074892,0.8231759000009333,24.95161241678497,0.0,0.0,17.636634029621913,16.430856873639303,29.01173143561892
74,A13F4,3.0,das,False,True,two_medium,43.8,65.69999999999999,1,-0.3727166919248548,-1.1078247238350087,-22.5,7.5,5.0,338,0.6981317007977318,0.0053064922266684985,0.8082623000009335,23.7426054398435,0.0,0.0,15.650078189974598,13.389998838736226,16.60106520651691
271,A16F14,3.0,das,False,True,two_medium,57.0,85.5,1,0.7258817192313793,0.7178237577817974,22.5,-37.5,15.0,315,0.7037167544041137,0.08108826506072557,0.7218251999984204,43.98538711533381,0.0,0.0,13.88089681334854,12.913277177038161,9.332822304731728
37,A2F1,1.0,das,False,True,two_medium,48.5,72.75,1,0.5448418083422885,1.7221313300972156,-22.5,22.5,10.0,209,1.1399181677087966,0.013263758493374292,0.7113610999986122,31.028769882727357,0.0,0.0,17.6842306234746,15.759148884202737,23.936354208852038
248,A3F2,1.0,das,False,True,two_medium,56.9,85.35,1,0.23440082339094526,0.03651802333510376,7.5,-37.5,15.0,105,1.3730165603618243,0.003971686819897231,0.6874907999990683,38.233220067257,0.0,0.0,22.221843359258855,20.21212422182925,66.0827616436401
307,A11F3,2.0,das,False,True,two_medium,33.1,49.650000000000006,1,-0.02916844520423659,-0.2528778261739364,-7.5,-22.5,15.0,89,1.4265395212729164,0.018783348062010773,0.6265143000018725,23.468015875597057,0.0,0.0,18.883770792031566,16.66702982814781,30.721392381051007
19,A13F14,4.0,das,False,True,two_medium,43.8,65.69999999999999,1,1.7096741673419018,-2.5216707597526917,22.5,-22.5,15.0,272,0.8891916771867053,0.016370136978117636,0.618853299998591,28.833509801267887,0.007186858316221766,0.014271151885830785,15.662339263890201,13.756242818801457,12.758370377289062
279,A16F14,3.0,das,False,True,two_medium,57.0,85.5,1,0.7998499648915094,0.8625027918724921,10.0,15.0,15.0,264,1.2754793703155793,0.1241010233160113,0.7231551000004401,16.867471297687743,0.1187214611872146,0.21224489795918366,16.73084735196825,15.234203696973392,17.352883721620582
90,A11F1,1.0,das,False,True,two_medium,33.1,49.650000000000006,1,-0.03385611696651204,1.541195610667692,7.5,-37.5,10.0,348,1.0676506283684062,0.04038102521039779,0.6831310000015947,39.7614630352251,0.0,0.0,11.047025922054807,9.58563704674985,5.6944860876620815
57,A12F11,2.0,das,False,True,two_medium,39.0,58.5,1,0.03538851117716328,-0.20092257206643432,22.5,-22.5,5.0,83,1.4307390411410308,0.001438732454440576,0.6446116000006441,31.652924406454567,0.0,0.0,22.79584950705077,19.5145293760656,57.0904367501833
9,A13F14,4.0,das,False,True,two_medium,43.8,65.69999999999999,1,-1.7522859162346123,1.113070532885187,0.0,27.5,15.0,373,0.879575199691494,0.11903015280758796,0.661151800002699,26.445047790365706,0.0,0.0,13.92120708850136,12.163015066363725,11.69675350063833
204,A3F1,,das,False,True,two_medium,56.9,85.35,1,8.572424233258696,-8.405115926597674,22.5,7.5,5.0,135,1.2391965178513427,0.28767786084242253,0.7103300999988278,21.141193896675528,0.0,0.0,17.184094830950404,16.270783214129217,11.0280103834013
192,A15F1,1.0,das,False,True,two_medium,56.2,84.30000000000001,1,0.12974394127937713,-0.09352776992031392,7.5,-22.5,10.0,111,1.3621749396424494,0.02790616976502458,0.9000124999984109,23.587510936265407,0.0,0.0,23.157769981225833,20.627160409639266,69.84592525352443
463,A11F14,4.0,das,False,True,two_medium,33.1,49.650000000000006,1,0.15016758550405704,1.2949882783235611,12.5,10.0,15.0,100,1.3962634015954636,0.4711666292102667,0.8750575000012759,15.109453654605083,0.06176084099868594,0.11633663366336634,15.121976115866822,13.952500448917203,14.184956932984925
457,A12F13,4.0,das,False,True,two_medium,39.0,58.5,0,1.0328337169817718,1.3861689546536027,-17.5,17.5,15.0,244,1.091560850802292,0.11808569634062292,0.8704978999994637,24.558531644609086,0.01167728237791932,0.023084994753410283,14.483178999119046,12.796872410404902,14.226987483278007
177,A1F1,,das,False,True,two_medium,22.9,34.349999999999994,1,0.6302734056119844,1.5451028175297337,5.0,-27.5,5.0,323,0.9909515889741242,0.1808605294097802,0.6484296999988146,29.371968068050457,0.0,0.0,9.8883984368852,7.911343113640089,5.00302597615248
95,A11F1,1.0,das,False,True,two_medium,33.1,49.650000000000006,1,-1.807069687215229,-1.058010904797031,-17.5,-22.5,10.0,321,0.6463395236675684,0.00965998601222308,0.6958505000002333,26.571167798211697,0.0,0.0,11.456765065307117,9.96882732136678,6.58878755048518
256,A3F2,1.0,das,False,True,two_medium,56.9,85.35,1,0.1695315911997703,-0.03405871914438306,-22.5,-22.5,5.0,108,1.325359400733194,0.0038834966783287414,0.6818390999978874,31.91592361501163,0.0,0.0,22.162666122607465,20.129573537342278,65.47349378461749
225,A15F2,1.0,das,False,True,two_medium,56.2,84.30000000000001,1,8.79107468481318,-8.703312460393732,-7.5,37.5,5.0,122,1.3262086634531307,0.2975930191196591,0.679439799998363,48.991276740853934,0.0,0.0,18.283703689500783,17.21121423391064,12.987865045077367
79,A14F12,3.0,das,False,True,two_medium,45.4,68.1,1,0.6618634333864583,2.244298401684338,22.5,-22.5,10.0,293,0.73040003769237,0.015871418457536916,0.7266982000001008,33.00279551937474,0.0,0.0,15.117680623713126,13.401854902175273,15.721280190021298
272,A16F14,3.0,das,False,True,two_medium,57.0,85.5,1,0.6838722646031833,0.9842489869549447,-22.5,37.5,10.0,270,1.3044675378227515,0.12525728237838651,0.7107037999994645,43.25380914125527,0.0,0.0,16.562702075501353,15.087576887960157,16.527128666502584
250,A3F2,1.0,das,False,True,two_medium,56.9,85.35,1,0.464896739990783,1.5161891793125557,-7.5,37.5,10.0,96,1.340412865531645,0.13598879583066542,0.6668214999990596,36.85477202829694,0.0,0.0,23.233534245224586,20.98047679611026,81.98469638481758
150,A12F1,1.0,das,False,True,two_medium,39.0,58.5,1,-7.784945412910213,6.028590648407421,-7.5,-22.5,15.0,189,1.3463968515384828,0.22943595806550102,0.7177114999976766,28.530013639547004,0.0,0.0,12.001937169677106,11.204154676982018,4.2142677849554095
162,A12F1,1.0,das,False,True,two_medium,39.0,58.5,1,-8.623643903478209,8.78398251048139,-7.5,7.5,10.0,133,1.2208380509202117,0.29549223746499953,0.6591711999972176,1.7062200060501695,0.4195583596214511,0.5911111111111111,14.458882337286962,13.465117774307505,5.86627768372133
445,A12F13,4.0,das,False,True,two_medium,39.0,58.5,1,-0.4225931816360259,-0.7566752307073594,-22.5,-22.5,15.0,73,1.4677520877571513,0.04082422879747264,0.6805889999995998,30.9868369448461,0.0,0.0,19.94270908772164,18.146728121869074,40.57813347810122
367,A15F5,4.0,das,False,True,two_medium,56.2,84.30000000000001,1,-0.7010449617460048,-0.10006016971495035,37.5,22.5,10.0,301,0.7719341948820634,0.004168769700062802,0.7939919000018563,44.385612036380394,0.0,0.0,14.505698563088465,13.421702214721359,14.664932045115886
122,A14F1,1.0,das,False,True,two_medium,45.4,68.1,1,10.878341191683147,-9.404722866526727,7.5,-37.5,10.0,138,1.2667342182480392,0.17768034133933291,0.7545071999993525,28.297663974506612,0.0,0.0,15.000772145751007,14.130255830708746,7.536292858644156
222,A15F2,1.0,das,False,True,two_medium,56.2,84.30000000000001,1,2.2644458155190517,-4.2405304410567854,37.5,-22.5,5.0,323,0.7829740949919006,0.12913490760389815,0.771657100001903,39.685671309195044,0.0,0.0,17.210753898603766,15.232912746810499,17.13791308996652
396,A2F5,4.0,das,False,True,two_medium,48.5,72.75,1,-1.6288119491178905,1.372781445886809,22.5,-22.5,5.0,188,1.1666556422219874,0.03905265422729535,0.7701144000020577,33.942735011176865,0.0,0.0,12.247991033719865,11.689280187777635,10.706525207111513
101,A11F1,1.0,das,False,True,two_medium,33.1,49.650000000000006,1,-4.83585204864421,-5.831141387831788,7.5,7.5,10.0,61,1.583778114619648,0.5636682836773074,0.630545300002268,18.16294514852702,0.0,0.0,16.782648893851288,15.713636169799262,18.73189863164715
392,A3F5,4.0,das,False,True,two_medium,56.9,85.35,1,0.14885505551282463,-0.04690894937439458,22.5,7.5,10.0,82,1.413501221368247,0.0756395228684085,0.7837118999996164,23.590877792477794,0.0,0.0,20.340962374115602,19.211418221786264,47.88525751160932
185,A16F1,1.0,das,False,True,two_medium,57.0,85.5,1,-1.2503331664031005,-1.3733610183182279,25.0,7.5,10.0,103,1.2640001692177683,0.2879238266089197,0.6751331999985268,27.70950246952428,0.0,0.0,22.475737271410953,20.401556216650928,59.764628426209214
332,A13F3,2.0,das,False,True,two_medium,43.8,65.69999999999999,1,-1.9530582253295408,1.6140615061667911,-22.5,-22.5,15.0,252,1.1273497311564655,0.041602741375671756,0.6805022999978974,31.680668847341167,0.0,0.0,15.165416213959729,13.540529854347596,12.972491673923274
0,A1F11,,das,False,True,two_medium,22.9,34.349999999999994,1,-0.6019587118347445,-0.7098645715928155,0.0,-7.5,15.0,295,0.8510283129559127,0.030233084690666358,0.6098022000005585,6.816765613314291,0.33200531208499334,0.4985044865403789,10.358174455756439,8.334398657724092,4.203104557323917
85,A13F2,2.0,das,False,True,two_medium,43.8,65.69999999999999,1,7.145634150027549,-9.26411209614487,-22.5,10.0,15.0,117,1.350105933774126,0.1020993433211703,0.7107601999996405,35.3549096874835,0.0,0.0,14.211954367411174,13.538126299205633,6.802150522040404
343,A11F11,3.0,das,False,True,two_medium,33.1,49.650000000000006,1,3.2720510488327514,-2.469278343452879,22.5,-22.5,10.0,185,1.0524122062727237,0.1559319019895342,0.6367282999999588,27.76587529595924,0.0,0.0,13.989068387242575,12.416731971902276,11.390967945624004
462,A12F13,4.0,das,False,True,two_medium,39.0,58.5,1,0.07997529508586074,-0.06612636654577597,22.5,-10.0,5.0,73,1.4677520877571513,0.002904667991744957,0.7324522999988403,24.522221619062115,0.0,0.0,17.33357883828758,16.26658934449919,21.40634026697213
383,A3F5,4.0,das,False,True,two_medium,56.9,85.35,1,-1.2271680565141045,0.5195036321410436,-7.5,37.5,15.0,326,0.7481075274435883,0.007024669506399371,0.7002510000020266,37.50873941102855,0.0,0.0,14.626863278284825,13.458271803984426,14.724832641188879
231,A2F13,3.0,das,False,True,two_medium,48.5,72.75,1,-1.7430719254234435,-2.8013746204083496,7.5,0.0,10.0,166,1.2409384425839518,0.15945633620441188,0.7547717000015837,9.658264770776325,0.19602977667493796,0.3278008298755187,14.200819009706123,13.429274157035495,11.104739324565289
16,A13F14,4.0,das,False,True,two_medium,43.8,65.69999999999999,1,0.6226371386245065,1.4088737612035254,7.5,-7.5,5.0,297,1.1487263996505614,0.22179467572758066,0.6479005000001052,11.25460579585476,0.0026666666666666666,0.005319148936170213,15.54592184656898,13.544868435177609,12.752698571108178
312,A11F3,2.0,das,False,True,two_medium,33.1,49.650000000000006,1,-1.1595200204410778,-0.591987283120526,17.5,-22.5,5.0,83,1.3303683175915961,0.34604722756375267,0.7145931000013661,28.777399267414598,0.0,0.0,20.599727330299075,17.75317538446621,44.733484284967176
391,A3F5,4.0,das,False,True,two_medium,56.9,85.35,1,0.14885505551282463,-0.04690894937439458,17.5,7.5,15.0,82,1.413501221368247,0.0756395228684085,0.8536931000016921,18.921365320048924,0.00639386189258312,0.012706480304955527,20.340962374115602,19.211418221786264,47.88525751160932
405,A1F3,,das,False,True,two_medium,22.9,34.349999999999994,1,-2.3401981132747762,1.881179563307971,17.5,7.5,10.0,148,1.287965963244569,0.05194148578664676,0.7770128999982262,20.62048991352485,0.0,0.0,12.380502599320604,10.641849442030683,10.09109547410128
155,A12F1,1.0,das,False,True,two_medium,39.0,58.5,1,1.0588151168572697,1.1643968585735396,-7.5,22.5,5.0,107,1.234712264220782,0.39614412564144,0.7243944000001648,22.988285660592247,0.0,0.0,18.88141468921659,16.87761359412947,33.20739687862002
326,A12F3,2.0,das,False,True,two_medium,39.0,58.5,1,-0.5721308626214953,-1.95011380680688,-17.5,-22.5,15.0,77,1.3273121225043296,0.21289403627359932,0.6275113000010606,26.62424789708436,0.0,0.0,19.774443945260572,17.957481925539057,37.06009958347212
123,A14F1,1.0,das,False,True,two_medium,45.4,68.1,1,10.979737455900525,-9.498559409483493,-7.5,-37.5,5.0,139,1.2759134517136048,0.18152197961289127,0.7533580000017537,33.5496851189879,0.0,0.0,14.848480160107215,14.000579215402759,7.283158013134024
221,A15F2,1.0,das,False,True,two_medium,56.2,84.30000000000001,1,3.371729474011434,-3.6538328818489485,7.5,22.5,10.0,313,0.6809684907019427,0.12831526072344762,0.9480633999992278,26.477643247604746,0.0,0.0,17.228417860655675,15.293579110984691,16.130961182151037
286,A15F14,3.0,das,False,True,two_medium,56.2,84.30000000000001,1,-1.089496915027044,2.2549525501231256,-37.5,-7.5,10.0,340,0.5776860477125634,0.012016083307595462,0.9379128000000492,37.694612800186434,0.0,0.0,15.73133206783294,14.182528355725292,13.588724802309404
404,A1F3,,das,False,True,two_medium,22.9,34.349999999999994,1,-0.3645979453721778,-0.224695782764132,-22.5,-7.5,5.0,185,1.257316692080285,0.1625705956106759,0.6328748000014457,23.300344966831535,0.0,0.0,6.8041476453691185,6.223211018577487,2.351511250370273
429,A2F4,2.0,das,False,True,two_medium,48.5,72.75,1,-0.999464810636953,2.7880007675206877,-22.5,-7.5,15.0,64,1.5203170497523384,0.837555373963874,0.6146933999989415,23.83518351558353,0.0,0.0,20.676045572868524,19.394971643990498,37.04724293452743
224,A15F2,1.0,das,False,True,two_medium,56.2,84.30000000000001,1,-0.05338802973889563,-0.2720676998411169,-22.5,-37.5,10.0,97,1.3543754995475996,0.030349379742972204,0.6999283999975887,43.47147722689767,0.0,0.0,22.64339434411754,20.565592811015016,71.75144589530332
348,A16F5,4.0,das,False,True,two_medium,57.0,85.5,1,-0.39010555895887034,0.11342681124153575,-7.5,-52.5,10.0,203,1.1071932442339028,0.037909535254863125,0.6456999000001815,53.091649812231466,0.0,0.0,15.957694442514253,14.941378585011442,17.56420701846612
94,A11F1,1.0,das,False,True,two_medium,33.1,49.650000000000006,1,-1.8357208448129665,-1.6436891022869498,-7.5,7.5,15.0,470,0.6026113854452414,0.24147746109490825,0.5896069999980682,10.75598013884218,0.2855579868708972,0.4442553191489362,9.705096982431783,8.292425194916435,3.538064872641425
3,A1F11,,das,False,True,two_medium,22.9,34.349999999999994,1,-0.205856525098886,0.543685041032065,0.0,-25.0,10.0,236,1.0170313665942265,0.03358695256373977,0.6523716000010609,25.544514526300382,0.0,0.0,9.393950308291787,8.024407972934936,3.5266546924354656
377,A3F5,4.0,das,False,True,two_medium,56.9,85.35,1,0.028970714630039196,0.2523376427588789,-22.5,-37.5,10.0,296,0.9081166264282996,0.03147667480048339,0.7314845000000787,43.96354761565003,0.0,0.0,14.741780863202736,13.642185426912922,14.164333097276613
407,A1F3,,das,False,True,two_medium,22.9,34.349999999999994,1,-0.8897432240255339,-1.32616793887684,7.5,-25.0,5.0,192,1.1402377873142537,0.46891730112208596,0.7120138999998744,25.116490913806913,0.0,0.0,14.511087780546891,11.355613137814178,7.780271701043656
30,A11F11,3.0,das,False,True,two_medium,33.1,49.650000000000006,1,6.033047674759823,-6.164297630913815,7.5,-37.5,15.0,113,1.2283735981164243,0.258626756630773,0.6241422000020975,31.370020594326697,0.0,0.0,15.66899362872289,14.215297764953803,9.59259711547455
490,A3F4,,das,False,True,two_medium,56.9,85.35,1,3.8416240596642406,4.762028297821059,-22.5,-37.5,5.0,56,1.4539602363721356,0.5801438787305053,0.6579448000011325,49.79919872795656,0.0,0.0,21.623436273866044,20.574480009681167,35.555405831897986
317,A11F12,4.0,das,False,True,two_medium,33.1,49.650000000000006,1,2.3895949151913687,3.3039528195921024,7.5,-52.5,5.0,157,1.3662882177661981,0.2485438443341032,0.6514758999983314,56.03746416837667,0.0,0.0,13.433606857716466,12.214937904167478,7.586661236510586
479,A13F11,2.0,das,False,True,two_medium,43.8,65.69999999999999,1,-0.2266891722840502,-0.3528371093781631,-22.5,22.5,10.0,81,1.2983112496978226,0.1695194220646433,0.690124000000651,31.911636422719226,0.0,0.0,21.15616646590317,19.13399754239442,44.45366982453278
323,A14F11,2.0,das,False,True,two_medium,45.4,68.1,1,-1.929980547009912,-0.37330494570893746,-7.5,-37.5,10.0,78,1.344549942277113,0.33076335568293763,0.9278721999980917,37.54219762295501,0.0,0.0,22.87234506886186,20.3451540380682,60.72431487028474
438,A2F12,3.0,das,False,True,two_medium,48.5,72.75,1,0.36360875921574176,0.20622014506516964,-22.5,22.5,15.0,193,1.2527425250884918,0.032941631139981234,0.7408366999989084,31.933637840289737,0.0,0.0,16.1871063913176,14.844410133080538,13.27299303889852
33,A11F11,3.0,das,False,True,two_medium,33.1,49.650000000000006,1,0.3473916609186022,0.22718945342875424,-22.5,-22.5,5.0,87,1.3944824533791427,0.05172143275915428,0.7071931999998924,32.226207443002906,0.0,0.0,20.916967247559178,17.810410620806824,52.08249701773603
208,A12F2,2.0,das,False,True,two_medium,39.0,58.5,1,-0.23347375562149034,-0.5619796422589228,37.5,-7.5,5.0,101,1.3207111675861358,0.09119721106027515,0.6926167000019632,38.366015797194855,0.0,0.0,19.847527133153235,17.56073134806698,33.51567609691312
62,A13F12,3.0,das,False,True,two_medium,43.8,65.69999999999999,1,1.7229362570641586,1.352025172519922,7.5,-37.5,10.0,119,1.2935969750075618,0.051195625529574636,0.6316155000022263,39.27918437921115,0.0,0.0,17.325225341658143,16.00052473849793,25.489922872070434
418,A1F3,,das,False,True,two_medium,22.9,34.349999999999994,1,-0.6687463260397339,-1.1382968514697898,-2.5,-30.0,10.0,191,1.086544494043731,0.3234623333400459,0.6487960999984352,28.91974063943644,0.0,0.0,14.442801817841131,11.335357821447495,7.492107695442988
36,A2F1,1.0,das,False,True,two_medium,48.5,72.75,1,-1.2268774388919144,0.6242499339386772,-22.5,22.5,15.0,195,1.109299352557736,0.12772039472856592,0.7748783999995794,30.513835951133835,0.0,0.0,17.477083335765148,15.728455140617744,19.759657751632403
167,A1F1,,das,False,True,two_medium,22.9,34.349999999999994,1,1.3291618732990222,1.4688915228469053,0.0,0.0,5.0,163,1.2185118442240006,0.03173902711660392,0.6936172999994596,1.980988034119153,0.49693251533742333,0.6639344262295082,13.162032945477568,10.972226997906029,9.553942316972657
242,A16F2,1.0,das,False,True,two_medium,57.0,85.5,1,-0.9761288319244121,4.849336920100526,7.5,37.5,10.0,59,1.531850963320643,0.808697480009267,0.6932550000019546,33.73292989843146,0.0,0.0,24.31272559782766,22.447797524515817,44.59978737090613
412,A1F3,,das,False,True,two_medium,22.9,34.349999999999994,1,-2.096081421899884,1.8286503112029875,-10.0,-25.0,5.0,150,1.2392870428362104,0.03968177050230387,0.6663212999992538,27.96870405310279,0.0,0.0,12.083339567157465,10.42804950106355,9.298674746216394
354,A16F5,4.0,das,False,True,two_medium,57.0,85.5,1,-0.22047887318636217,1.5119415129815499,22.5,-52.5,5.0,61,1.4490521880451976,0.30638842383948606,0.6755683999981557,58.5961601662485,0.0,0.0,23.540062935531342,21.885175433803475,89.76785484619055
433,A16F4,2.0,das,False,True,two_medium,57.0,85.5,1,-0.36364010411342607,4.011096794701987,37.5,-7.5,10.0,50,1.4247585730565955,0.7576498353124869,0.7762148000001616,39.574746889283134,0.0,0.0,21.981847566170963,20.960750513148447,32.65051536969702
35,A11F11,3.0,das,False,True,two_medium,33.1,49.650000000000006,1,-3.032434448075285,0.5479903567525249,22.5,-22.5,5.0,237,1.06024558049239,0.008593141727914966,0.7302678000014566,34.39643976242627,0.0,0.0,13.271844767126344,11.597872920988001,10.385020331798193
320,A2F3,,das,False,True,two_medium,48.5,72.75,1,-1.7269071234163647,-2.2242732464893558,7.5,-37.5,10.0,72,1.4476458947741766,0.4258291761075815,0.6515495999992709,36.46248363801482,0.0,0.0,23.250663739147534,20.943675198676914,41.81081960382876
442,A2F14,4.0,das,False,True,two_medium,48.5,72.75,1,-2.6242212243998466,-0.780106758003685,-37.5,-10.0,10.0,83,1.4307390411410308,0.8297958086021955,0.7296700999977475,36.073901599333716,0.0,0.0,19.42387612351465,18.177074617670677,24.90823785819364
297,A15F14,3.0,das,False,True,two_medium,56.2,84.30000000000001,1,0.7807219025133789,0.9259969698925941,-7.5,-27.5,10.0,272,1.2640727836929346,0.23346704663215717,0.7397291999986919,29.607560841094422,0.0,0.0,17.270965624242823,15.53135050099561,16.774439028542897
394,A2F5,4.0,das,False,True,two_medium,48.5,72.75,1,0.020774947325488697,0.9104835245141075,22.5,-22.5,15.0,67,1.3471149298593033,0.24827362352594903,0.7809068999995361,32.455605029337164,0.0,0.0,21.366370981507142,19.83861356920674,58.402556112926014
322,A14F11,2.0,das,False,True,two_medium,45.4,68.1,1,-2.084966245979034,-3.1059757031257917,22.5,-37.5,15.0,56,1.595729601823387,0.8011770101233983,0.7445254000012937,42.27729263623561,0.0,0.0,23.940343968374393,21.57089824601067,36.5723625746832
87,A13F2,2.0,das,False,True,two_medium,43.8,65.69999999999999,1,-0.1165588228700506,-0.41866241173313024,-22.5,0.0,10.0,104,1.3599402121679023,0.02040931450939895,0.7064186000025074,22.387356189265287,0.0,0.0,21.471310306839115,18.872662899787702,54.038911456428295
327,A12F3,2.0,das,False,True,two_medium,39.0,58.5,1,0.681966839939272,-3.751079952976,7.5,-37.5,10.0,57,1.6242247732845188,0.7481560363723018,0.6896250999998301,34.430730176865346,0.0,0.0,19.51802199319127,18.175388286220542,29.162654910661768
347,A16F5,4.0,das,False,True,two_medium,57.0,85.5,1,0.30438440871540945,1.6499577633555451,7.5,-52.5,15.0,199,1.0853766285839737,0.013005502467091071,0.9153691999999864,54.62595362564142,0.0,0.0,15.827266125207624,14.856003485600095,17.11173908381927
293,A15F14,3.0,das,False,True,two_medium,56.2,84.30000000000001,1,-1.0113555215935202,-1.100598429688571,7.5,-7.5,15.0,70,1.4074335088082273,0.5887239398017916,0.9165700000012293,10.64873294214222,0.09718309859154929,0.17715019255455713,21.251370618685854,20.04340092476646,34.79166125840282
212,A14F13,3.0,das,False,True,two_medium,45.4,68.1,1,2.2707538104401603,1.9535220260284634,-7.5,-37.5,15.0,204,1.0254158421317086,0.024876431779497526,0.5967118000007758,40.6453937154328,0.0,0.0,14.934040970108677,13.718684094086143,14.58180012523761
8,A13F14,4.0,das,False,True,two_medium,43.8,65.69999999999999,1,-0.7997764434952792,0.9027309535531569,7.5,20.0,15.0,383,0.7157822643217672,0.033430309031081074,0.68629829999918,20.822871416890994,0.023430178069353328,0.045787545787545784,13.536137786511109,11.87147120005115,10.901366171860126
43,A16F13,2.0,das,False,True,two_medium,57.0,85.5,1,2.5704632866596024,-2.8998252769449877,-7.5,52.5,15.0,345,1.0261296714683823,0.12765126524681766,0.6849174999988463,56.30768039551969,0.0,0.0,16.99871633830446,15.032435497471127,18.873178000122778
164,A1F1,,das,False,True,two_medium,22.9,34.349999999999994,1,4.77015629940689,0.5814129151227343,22.5,-17.5,15.0,272,0.8090065815634782,0.06151842918687823,0.6742917999981728,25.32360263972384,0.011689691817215728,0.023109243697478993,9.692552846659986,8.044108280756964,4.350976769518389
487,A16F11,2.0,das,False,True,two_medium,57.0,85.5,1,0.7822896528503884,0.06364703194546475,-22.5,-22.5,5.0,169,1.3273228961416876,0.032189975832965234,0.7013051000030828,32.42195519800504,0.0,0.0,17.672414152473706,16.438676607945926,30.300831837860162
233,A15F13,2.0,das,False,True,two_medium,56.2,84.30000000000001,1,0.33770881580923373,-1.4709490982850792,22.5,-22.5,15.0,504,0.4626671626588519,0.03672714745779165,0.6337690999971528,30.55140147947025,0.06684256816182937,0.12530915086562242,14.036437383351606,12.500390847947656,11.795303935830235
180,A1F1,,das,False,True,two_medium,22.9,34.349999999999994,1,0.4993384521698704,-1.8590776614789037,0.0,-25.0,15.0,309,0.7702853639827384,0.21441991864812562,0.6506096999983129,23.14630911327506,0.0,0.0,10.017213624447388,8.058063669865644,4.775939022709704
361,A15F5,4.0,das,False,True,two_medium,56.2,84.30000000000001,1,0.7543300933900698,-1.8214502271876514,7.5,-37.5,15.0,248,0.8952771940135233,0.022313100925854985,0.6776527000001806,36.31064549660321,0.0,0.0,15.330012300474277,14.243658942492434,15.104841981140943
273,A16F14,3.0,das,False,True,two_medium,57.0,85.5,1,-4.209026317935168,4.762096438762817,7.5,-52.5,10.0,274,0.6830362127225577,0.28707712629609866,0.7121129999977711,58.44697584885185,0.0,0.0,15.946338444962056,14.627176859618116,13.541079630549252
311,A11F3,2.0,das,False,True,two_medium,33.1,49.650000000000006,1,0.1528034894493659,0.1545250372421647,17.5,-22.5,10.0,122,1.3262086634531307,0.0023372156345850058,0.7609020999989298,28.533361726909998,0.0,0.0,17.233938877421558,15.13714340124068,18.759294008623485
86,A13F2,2.0,das,False,True,two_medium,43.8,65.69999999999999,1,8.045798930746589,-10.028599515391116,7.5,37.5,10.0,170,1.2708405737305528,0.31582400516044107,0.8018833999994968,47.53173327754039,0.0,0.0,13.610862228311515,12.779045997462557,5.584773723734791
59,A12F11,2.0,das,False,True,two_medium,39.0,58.5,1,-0.4565136764544604,-0.49184648461401104,7.5,7.5,10.0,105,1.2885438618239387,0.2599816592986557,0.7298928999989585,11.277221294150621,0.08762886597938144,0.16113744075829384,18.860599576491683,16.89459492401991,24.62308629972534
387,A3F5,4.0,das,False,True,two_medium,56.9,85.35,1,-1.4639738154873683,-0.7507166594844987,-17.5,-7.5,15.0,92,1.3746802574566515,0.2620734833135937,0.8049692999993567,17.398475835570622,0.02574002574002574,0.050188205771643665,18.612259993489285,17.73866526325609,32.57066370620475
156,A12F1,1.0,das,False,True,two_medium,39.0,58.5,1,-1.810392051251759,0.44832383008489174,-7.5,-37.5,5.0,395,0.9575070201913336,0.013895996800222373,0.673483300000953,38.372476074960915,0.0,0.0,13.024064833989211,11.146606296376829,8.101445176418553
178,A1F1,,das,False,True,two_medium,22.9,34.349999999999994,1,0.5113672911579477,-2.146313240374994,15.0,-7.5,5.0,315,0.7635815477475192,0.21951931296200272,0.6501132000012149,15.446114064447144,0.01288659793814433,0.02544529262086514,9.7130463376371,7.844984194172971,4.342916021028368
82,A14F12,3.0,das,False,True,two_medium,45.4,68.1,1,0.9536083317482325,0.745355089142882,0.0,25.0,15.0,270,0.8030580037578643,0.01653794266860883,0.6968679999990854,24.273383954491113,0.0,0.0,15.429982076222526,13.724957273106176,17.53777615553125
268,A14F14,4.0,das,False,True,two_medium,45.4,68.1,1,0.7291716510248532,1.383217780019018,-5.0,22.5,15.0,420,0.6815438607994386,0.04846546170143485,0.7371244999994815,21.880171368913267,0.05223880597014925,0.09929078014184398,14.96164849405172,12.73648939924614,14.16789338791891
321,A2F3,,das,False,True,two_medium,48.5,72.75,1,-0.44992731344838954,-0.886297751295821,-22.5,22.5,5.0,98,1.3683381335635543,0.06431325097425691,0.7138001999992412,32.142256112390015,0.0,0.0,22.200131104525074,19.774382174189174,61.64520702689104
182,A1F1,,das,False,True,two_medium,22.9,34.349999999999994,1,-1.1843657009696593,-1.5840067096527084,7.5,-22.5,5.0,92,1.2030240338408364,0.24259597972331012,0.6342307999984769,22.647229034697187,0.0,0.0,18.046150137208983,14.664504904625188,27.105688742502018
265,A14F14,4.0,das,False,True,two_medium,45.4,68.1,1,0.26073163324035986,1.099990699390657,2.5,12.5,15.0,421,0.6831665842775325,0.0650893906386212,0.6783929000011995,11.617854142325506,0.27364864864864863,0.4297082228116711,15.11950079663223,12.824035259993442,14.9312709903061
458,A12F13,4.0,das,False,True,two_medium,39.0,58.5,0,0.8213920856774493,1.5181943665796296,-20.0,20.0,10.0,240,1.0736664106252052,0.2492668253818591,0.6190587999990385,27.840752645304697,0.0,0.0,14.475480922764099,12.814682876567336,13.665300999465861
52,A16F12,2.0,das,False,True,two_medium,57.0,85.5,1,0.9073613367275314,0.789918259101846,7.5,-37.5,10.0,339,0.6492912114415118,0.004504622536172994,0.7039183999986562,38.85332321479304,0.0,0.0,16.292218322750742,14.59994528749295,14.105564059167405
166,A1F1,,das,False,True,two_medium,22.9,34.349999999999994,1,0.7132962130977072,1.3550062046239284,0.0,-7.5,10.0,240,0.8965306026891204,0.14676715157097525,0.6984314000001177,8.883688781781348,0.27880184331797236,0.436036036036036,10.447981686070197,8.704367235044598,5.233043644564659
55,A12F11,2.0,das,False,True,two_medium,39.0,58.5,1,3.2172752450339015,-1.1343384506323555,-22.5,-7.5,10.0,140,1.3574783071067007,0.19307676330698378,0.6419461000004958,26.493393383821772,0.0,0.0,18.413076590768352,16.14025231691034,29.032788871943925
181,A1F1,,das,False,True,two_medium,22.9,34.349999999999994,1,0.5614850820822199,-1.665380870937769,7.5,-22.5,10.0,301,0.7944712360684962,0.16449535794079492,0.6537086999996973,21.959607089364177,0.0,0.0,9.891163278726804,8.022576823127716,4.617941584820002
71,A13F4,3.0,das,False,True,two_medium,43.8,65.69999999999999,1,1.3550446786966854,-0.4064608469874206,-7.5,-37.5,15.0,298,0.7223723848532086,0.010281458746415804,0.7211898000023211,38.1358422374253,0.0,0.0,15.695817785809982,13.631708407518342,16.398427780641313
42,A3F12,2.0,das,False,True,two_medium,56.9,85.35,1,1.8757611272252643,-1.4871245447509311,7.5,37.5,5.0,366,0.8398998620992434,0.11374496163708804,0.8257413999999699,39.39070884315172,0.0,0.0,15.822355194729232,14.17760983570606,15.026049080209681
408,A1F3,,das,False,True,two_medium,22.9,34.349999999999994,1,1.0257436769511064,-0.586607829244371,-7.5,5.0,5.0,205,1.2174413874969898,0.17634108829580386,0.7439835000004678,10.193060986909,0.08846153846153847,0.1625441696113074,8.421761355009076,7.455939826397011,3.9694698171341187
239,A2F2,2.0,das,False,True,two_medium,48.5,72.75,1,-0.09840511974408747,-0.31672290515425977,-22.5,22.5,10.0,107,1.3991692567496685,0.028522309657893492,0.9932461999997031,31.97552653686408,0.0,0.0,22.65677146649352,19.85109071304998,57.74828578322539
237,A2F2,2.0,das,False,True,two_medium,48.5,72.75,1,0.7344384427354808,2.154151325194081,-22.5,-7.5,15.0,94,1.3124875974997359,0.2166462994902182,0.7999657000000298,25.160321292841452,0.0,0.0,23.495505401016956,20.55416196587149,68.96675537395325
264,A14F14,4.0,das,False,True,two_medium,45.4,68.1,1,0.4031893664904851,0.5059587968421183,7.5,-52.5,5.0,255,1.2817698026646356,0.36898176519306886,0.69175499999983,53.478934068850116,0.0,0.0,16.097732178051,14.245685467856962,13.807700593956751
474,A3F11,2.0,das,False,True,two_medium,56.9,85.35,1,2.395998856885585,2.9789477998194127,22.5,22.5,15.0,49,1.705684654026591,0.8836211330369764,0.9231078000011621,28.02217587848098,0.0,0.0,22.032824873450075,21.01933723931641,39.98917041611391
113,A13F1,1.0,das,False,True,two_medium,43.8,65.69999999999999,1,-0.0010920703624519232,2.337632953634838,-7.5,22.5,5.0,425,0.4257579329641779,0.007833708980485271,0.6898532999985036,21.51173319492255,0.0,0.0,13.753630772575905,11.860968419375112,10.808240146694871
375,A3F5,4.0,das,False,True,two_medium,56.9,85.35,1,-0.7284981365621008,-1.2191677544584034,7.5,-52.5,15.0,297,0.9111845880040709,0.0013168807862711884,0.661121600001934,51.93680715425992,0.0,0.0,14.937000095687718,13.788034358011936,15.132793347725771
102,A11F1,1.0,das,False,True,two_medium,33.1,49.650000000000006,1,3.137550562123432,1.305478508629831,7.5,7.5,5.0,176,1.0921882608035625,0.011013996444392044,0.7083013999981631,7.5764808192904765,0.11842105263157894,0.21176470588235294,12.309299058993608,11.249511452844041,7.501956763573415
28,A14F4,2.0,das,False,True,two_medium,45.4,68.1,1,-4.159831217565412,-5.346159319637213,22.5,-7.5,10.0,154,1.2723346973118426,0.3739280574630909,0.5636298000026727,26.74669381859113,0.0,0.0,13.344294163340301,12.675175463264933,6.710805831141929
358,A16F5,4.0,das,False,True,two_medium,57.0,85.5,1,-1.7407139145502133,-0.28373021631449036,17.5,17.5,15.0,250,0.966941413847274,0.02238392257646911,0.6586362000016379,26.200498704189265,0.0,0.0,15.448337499317367,14.349720426955678,16.622152551330377
169,A1F1,,das,False,True,two_medium,22.9,34.349999999999994,1,1.4452019721322336,1.7122725757804322,-7.5,-10.0,10.0,161,1.2035607786507,0.03339394213666248,0.7020184000029985,14.73750206824809,0.0696629213483146,0.13025210084033614,13.34408165700442,11.099313931716711,10.120064164083232
199,A3F1,,das,False,True,two_medium,56.9,85.35,1,-2.5963854570935125,-0.999309463558544,7.5,-37.5,10.0,97,1.2684057748104471,0.39347204793440255,0.663466400001198,37.871327002565884,0.0,0.0,23.476166907902186,21.103908035375404,58.32103536741899
24,A11F4,4.0,das,False,True,two_medium,33.1,49.650000000000006,1,3.866158299544443,-4.255570923312543,7.5,-37.5,10.0,146,1.1466813185602744,0.2892293973248354,0.6072149999999965,33.442441151011565,0.0,0.0,15.26231362741058,13.599604810621182,14.69872752609967
373,A15F5,4.0,das,False,True,two_medium,56.2,84.30000000000001,1,0.5068931896300661,0.13660072413740698,-17.5,17.5,10.0,261,0.9422070469255225,0.011984333002929937,0.734653999999864,25.01471240601761,0.0,0.0,14.892441734722684,13.855866557913254,15.196773277781942
390,A3F5,4.0,das,False,True,two_medium,56.9,85.35,1,-2.831083934972321,0.827714001586213,-22.5,-7.5,5.0,66,1.439896632895322,0.6825359191478243,0.7828006999989157,21.359238742645278,0.0,0.0,19.970464432321396,19.109178619426746,41.33756815453419
380,A3F5,4.0,das,False,True,two_medium,56.9,85.35,1,-3.2862154923906606,-2.4794512402085864,22.5,-37.5,10.0,208,1.2907679445860287,0.052736806475750374,0.8502294999998412,43.489857953975154,0.0,0.0,15.579984150358381,14.621078321623212,18.781849073434515
243,A16F2,1.0,das,False,True,two_medium,57.0,85.5,1,-0.1924415042524667,0.3939980208887685,22.5,22.5,10.0,105,1.3730165603618243,0.0014002959922042237,0.7785302999982378,31.679997236811584,0.0,0.0,22.37722860962828,20.308947512712958,62.93183960572587
227,A2F13,3.0,das,False,True,two_medium,48.5,72.75,1,-0.9946175163521542,-2.2095964337266034,7.5,-37.5,10.0,197,1.0310599796038138,0.050797951044671184,0.7972953999997117,36.298362368288174,0.0,0.0,14.11524441389747,13.230200170160739,12.306140811652835
455,A12F13,4.0,das,False,True,two_medium,39.0,58.5,1,0.6362055285886133,1.5255181370378124,-22.5,-7.5,10.0,399,0.43794059525978773,0.06866297616163665,0.7163861999979417,24.83433075206765,0.0,0.0,13.63422837866559,11.504367524591153,10.493686960202576
274,A16F14,3.0,das,False,True,two_medium,57.0,85.5,1,-4.37415693693899,4.891896519317578,-22.5,-37.5,5.0,261,0.6326818538479444,0.28403615210862615,0.8242396999994526,46.10443663305351,0.0,0.0,16.08535720500306,14.784038618166328,13.958950310705887
32,A11F11,3.0,das,False,True,two_medium,33.1,49.650000000000006,1,-3.7494278025109327,1.952848326604781,-7.5,-37.5,10.0,195,0.9801769079200154,0.07043770255663123,0.7261880999976711,39.63072082224419,0.0,0.0,13.931500341955916,12.307240441934583,10.937541401857713
27,A14F4,2.0,das,False,True,two_medium,45.4,68.1,1,0.780369079028963,0.6862867062797806,22.5,-37.5,10.0,165,1.02392649450334,0.2551211253028826,0.8806365999989794,43.931023886968546,0.0,0.0,16.706966598431084,15.254259535146941,18.755406079499185
488,A3F4,,das,False,True,two_medium,56.9,85.35,1,0.2277059013696068,0.04453897026797724,-22.5,-37.5,15.0,150,1.3053709086938199,0.010910694264471126,0.8738880999990215,43.88782316348262,0.0,0.0,18.395922949999814,17.107472701393306,21.274411667834773
269,A14F14,4.0,das,False,True,two_medium,45.4,68.1,1,0.9853579861145024,0.7469235979972673,0.0,22.5,10.0,403,0.6393444461036165,0.05060811338269826,0.6299193999984709,21.77538204744449,0.0,0.0,15.046508960008149,12.85792703977587,14.638592142065864
331,A12F3,2.0,das,False,True,two_medium,39.0,58.5,1,-5.119664130156533,4.741344193597685,-22.5,-37.5,5.0,218,1.189005552921137,0.24076831720718647,0.6854359999997541,45.67720694427973,0.0,0.0,15.034610690861152,13.32201481842549,10.88436755117946
372,A15F5,4.0,das,False,True,two_medium,56.2,84.30000000000001,1,0.37428693696981724,-0.6331485611814094,7.5,22.5,15.0,268,1.0739117744414088,0.025575700751237038,0.7329509999981383,24.205750329422315,0.0,0.0,14.956200259701243,13.880596102274128,14.852487345027692
202,A3F1,,das,False,True,two_medium,56.9,85.35,1,-2.833510927088123,-4.746938656933325,7.5,-22.5,15.0,53,1.5102440874399914,0.7776326246606202,0.6702685000018391,20.541485708948564,0.0,0.0,26.182253577773235,23.771801457642212,104.14125699531895
124,A14F1,1.0,das,False,True,two_medium,45.4,68.1,1,10.906655098319348,-9.469183693197808,-7.5,-37.5,15.0,139,1.2759134517136048,0.17898407739313937,0.6720781999974861,33.53403666029745,0.0,0.0,14.842906424535872,13.996026967977482,7.204726091087314
397,A2F5,4.0,das,False,True,two_medium,48.5,72.75,1,-1.6327474930946841,1.3552976334918239,-17.5,-10.0,15.0,188,1.1666556422219874,0.03690029089350433,0.7104939999990165,19.511855023628023,0.01473922902494331,0.02905027932960894,12.24310134967299,11.68501786672646,10.672106095884976
503,A14F2,2.0,das,False,True,two_medium,45.4,68.1,1,-2.276578494683697,1.0791179462749367,-22.5,22.5,5.0,465,0.5200571676465837,0.0008893217875264094,0.7008031000004848,29.459140607649953,0.0,0.0,14.487404283800693,12.281725547017647,12.027336964356337
116,A13F1,1.0,das,False,True,two_medium,43.8,65.69999999999999,1,10.138023360106878,-10.498671791253315,-37.5,7.5,5.0,132,1.3540905478329883,0.12929218344186924,0.6710304999978689,50.92478233539488,0.0,0.0,13.925338700020566,13.218362025802048,5.93000102552574
13,A13F14,4.0,das,False,True,two_medium,43.8,65.69999999999999,1,-0.001149104605299045,-1.925166845201094,-22.5,-22.5,15.0,342,0.7248606426228431,0.04093022521815869,0.6614872999998624,30.488064073683248,0.0,0.0,14.74279392361469,12.820174520934593,12.022533455282062
330,A12F3,2.0,das,False,True,two_medium,39.0,58.5,1,0.07777749747155324,-0.21253359821094225,-22.5,-22.5,10.0,87,1.3944824533791427,0.0018685519230575995,0.6219608999999764,31.725182353080477,0.0,0.0,21.185459071831442,18.597476768379217,51.701548945388794
443,A2F14,4.0,das,False,True,two_medium,48.5,72.75,1,0.5097995413058907,0.7107350581823713,-22.5,22.5,10.0,265,1.2803107315667746,0.04387570343325488,0.6131214000015461,31.68947682805451,0.0,0.0,17.497593573049496,15.252323158265899,15.265372071675495
51,A16F12,2.0,das,False,True,two_medium,57.0,85.5,1,0.7683891826835647,0.65675207065088,22.5,-7.5,15.0,277,1.2391899822632577,0.12307861667447785,0.6296995999982755,23.21196917664187,0.0,0.0,18.19465463958148,16.13045919815519,17.375873163038428
480,A13F11,2.0,das,False,True,two_medium,43.8,65.69999999999999,1,1.1368647978567803,1.397483865417474,-22.5,22.5,5.0,72,1.4476458947741766,0.3345042013376076,0.6234594000015932,31.686236202529276,0.0,0.0,21.560927418235984,19.577102363440385,44.4847640697482
425,A1F4,,das,False,True,two_medium,22.9,34.349999999999994,1,0.5319565667280667,1.966552921158921,7.5,15.0,10.0,82,1.413501221368247,0.49500864691627716,0.5713241999983438,14.779187123956282,0.0025252525252525255,0.005037783375314861,13.812730602644292,12.395470806812787,10.8603327081108
469,A2F14,4.0,das,False,True,two_medium,48.5,72.75,1,1.1220725469300228,0.7209089407353537,-22.5,-22.5,10.0,142,1.3768708543510821,0.2862035969457617,0.6043967000005068,33.12420449529842,0.0,0.0,19.82512797299536,17.71758886881434,21.668573369125077
25,A11F4,4.0,das,False,True,two_medium,33.1,49.650000000000006,1,0.09323510101826704,-0.13222952212662759,7.5,-37.5,5.0,75,1.3941979231907367,0.05904409591716443,0.5920842999985325,38.094756026988975,0.0,0.0,21.971276981710535,18.646458116479756,52.839275167387484
133,A14F1,1.0,das,False,True,two_medium,45.4,68.1,1,8.289641281605153,-9.180695472446956,37.5,-7.5,5.0,125,1.3588203518986994,0.11867089217328938,0.5956578999976045,29.25867040260732,0.0,0.0,14.396265595311853,13.699357209734925,6.717658156633607
402,A1F3,,das,False,True,two_medium,22.9,34.349999999999994,1,-1.230903746920131,0.5450213938416344,-7.5,-22.5,10.0,206,1.2233801259725847,0.05034770309910134,0.589520800000173,23.882516175499568,0.0,0.0,7.3933870817418645,6.642886834695053,2.780695424382682
398,A2F5,4.0,das,False,True,two_medium,48.5,72.75,1,0.2057325878534651,0.09015507295146954,-17.5,-10.0,10.0,66,1.439896632895322,0.0408684465448675,0.5850968000013381,20.379013613734703,0.0,0.0,21.281719304036905,19.79807918512695,50.810086905835604
496,A15F4,2.0,das,False,True,two_medium,56.2,84.30000000000001,1,2.69755316465763,3.1444867093063236,37.5,7.5,10.0,127,1.1657626501268188,0.32638970896787206,0.6840783000006923,35.07393336585222,0.0,0.0,19.19099186619928,17.85444139952889,31.531336422088085
368,A15F5,4.0,das,False,True,two_medium,56.2,84.30000000000001,1,-2.229956565358875,-0.6810297768231117,37.5,22.5,5.0,275,0.8706857946456973,0.06501461590285576,0.692249300002004,45.99814768226284,0.0,0.0,14.577158373809983,13.561485267678126,15.316722245153484
138,A2F1,1.0,das,False,True,two_medium,48.5,72.75,1,0.15130010181061657,-0.03806416809145956,22.5,-7.5,15.0,101,1.3207111675861358,0.012726523375238146,0.614427100001194,23.561512546923865,0.0,0.0,21.904160296295853,19.549044057296253,62.29076731864903
64,A13F12,3.0,das,False,True,two_medium,43.8,65.69999999999999,1,1.0479186388569368,0.4283840715662165,-7.5,37.5,5.0,143,1.4669314268190707,0.02418849796658363,0.5548094000005221,38.04433756292549,0.0,0.0,16.809701281013165,15.411818482189597,23.962991760290013
161,A12F1,1.0,das,False,True,two_medium,39.0,58.5,1,-8.983008528585906,9.344047868097519,-7.5,7.5,15.0,135,1.2391965178513427,0.2867541370023529,0.5794289000004937,2.366395325319406,0.19040902679830748,0.31990521327014215,14.75874955530297,13.685510989547755,6.102843704573934
48,A3F13,2.0,das,False,True,two_medium,56.9,85.35,1,-1.0359367835380344,-1.3650097693926595,-2.5,-37.5,10.0,398,0.743815512271706,0.23762246591182012,0.7022254000003159,36.16463742480885,0.0,0.0,16.755671060610023,14.650026815911252,14.277680018366247
464,A11F14,4.0,das,False,True,two_medium,33.1,49.650000000000006,1,1.2136756354907248,2.220846561370946,15.0,10.0,10.0,61,1.4490521880451976,0.8912592582162289,0.6536462000003667,15.82965469317623,0.0,0.0,17.76128583795408,16.454277740015534,23.785301477876562
467,A11F14,4.0,das,False,True,two_medium,33.1,49.650000000000006,1,-0.7500656954122779,2.393229477404618,0.0,15.0,5.0,58,1.3777873263380567,0.887965595618987,0.5735923000029288,12.629064159976945,0.0,0.0,17.500435335562443,16.31422487328682,23.706179658288317
118,A14F3,2.0,das,False,True,two_medium,45.4,68.1,1,1.259977473869784,-2.5557568344713015,7.5,-37.5,10.0,320,0.8957983062140644,0.012370181257562516,0.6230392999968899,35.49701412144706,0.0,0.0,15.024339099304534,13.212918487941947,13.565061715375833
194,A15F1,1.0,das,False,True,two_medium,56.2,84.30000000000001,1,-1.2030311361762336,-1.317084292557237,-7.5,22.5,15.0,109,1.2577909981314506,0.22495372907680541,0.8281886999975541,24.63544846498116,0.0,0.0,21.724696579802067,19.801045775367335,49.81759562300676
244,A16F2,1.0,das,False,True,two_medium,57.0,85.5,1,0.8349695504581174,1.6265875292207301,-22.5,-37.5,5.0,99,1.3823007675795091,0.06661213983959535,0.7979291000010562,45.556675203559124,0.0,0.0,23.03681013482281,20.809561678607587,82.30958274592686
201,A3F1,,das,False,True,two_medium,56.9,85.35,1,-0.7860353078964863,-2.8645852363802504,-22.5,-37.5,5.0,93,1.298524963483781,0.5543462291039531,0.573905699999159,40.87919053134353,0.0,0.0,23.559902846565905,21.228943365077164,50.423485143679365
370,A15F5,4.0,das,False,True,two_medium,56.2,84.30000000000001,1,-1.2094082751974904,0.27180254491047035,22.5,12.5,10.0,298,0.7642404985875578,0.05773628216645811,0.5129576999970595,26.67704732088357,0.0,0.0,14.467717952741161,13.401894105537451,14.350683530907771
121,A14F1,1.0,das,False,True,two_medium,45.4,68.1,1,0.13824618133852895,-0.05561382852424327,22.5,22.5,10.0,114,1.3154878329081228,0.004412407628135209,0.5907948000021861,31.76167106793871,0.0,0.0,20.241662104242018,18.12810287777142,38.78240735368281
292,A15F14,3.0,das,False,True,two_medium,56.2,84.30000000000001,1,1.1857823921063895,2.5534207623640617,37.5,-7.5,5.0,51,1.6022122533307945,0.7381784164794443,0.595768200000748,37.6801495418819,0.0,0.0,22.117264185496254,21.026283052883382,40.3664995221372
257,A14F14,4.0,das,False,True,two_medium,45.4,68.1,1,-0.7096249947135753,1.8350685533120492,22.5,-37.5,15.0,202,1.1491203549572444,0.6963556134400452,0.5741554999985965,45.67202984857353,0.0,0.0,17.208950558549393,15.31347055504056,15.568006727101762
386,A3F5,4.0,das,False,True,two_medium,56.9,85.35,1,-0.5084131270357322,1.2416895722169803,22.5,37.5,5.0,300,0.8922866708420714,0.02673173418195801,0.6195190999969782,42.94242831631473,0.0,0.0,14.90497542877156,13.753553187257051,16.281686750722315
401,A1F3,,das,False,True,two_medium,22.9,34.349999999999994,1,0.28110842966137684,0.3268261079934717,-7.5,-22.5,15.0,286,1.279452472661703,0.25603559245648094,0.6231643999999505,24.116584305384535,0.020169851380042462,0.03954214360041623,12.672387322096677,9.61544530188886,7.098125004076024
382,A3F5,4.0,das,False,True,two_medium,56.9,85.35,1,0.26502856147813725,0.22523409345395023,22.5,-52.5,5.0,82,1.413501221368247,0.18565181835426572,0.6465294000008726,57.221886241903995,0.0,0.0,20.677149320460778,19.46755015671707,48.59875078994162
200,A3F1,,das,False,True,two_medium,56.9,85.35,1,0.048093036288004085,-0.31137093252978426,7.5,22.5,10.0,108,1.325359400733194,0.03669403068649619,0.6352607000007993,23.9976990817304,0.0,0.0,22.918615012162967,20.585552715691374,74.98968154804271
282,A16F14,3.0,das,False,True,two_medium,57.0,85.5,1,-0.7645607290265282,-2.8904672170431445,2.5,-5.0,15.0,188,1.1164828334118737,0.6617540856645817,0.6274890999993659,3.8868348711865695,0.2693409742120344,0.42437923250564336,18.537138667129543,16.93127303596852,19.048119304476565
41,A3F12,2.0,das,False,True,two_medium,56.9,85.35,1,0.5949026777276853,0.3477909969281565,-22.5,-37.5,10.0,308,1.1912718218598415,0.20251659309675776,0.5933312000015576,44.337679382674835,0.0,0.0,18.076478551563532,15.88023787180077,17.235056794862828
501,A14F2,2.0,das,False,True,two_medium,45.4,68.1,1,-2.405183786963596,0.3022872964902133,-22.5,-10.0,15.0,461,0.6031962571032464,0.015040069816468911,0.5904856999986805,22.581823712338522,0.02096069868995633,0.041060735671514116,14.554779026925795,12.336200519178709,12.588886947525314
342,A11F11,3.0,das,False,True,two_medium,33.1,49.650000000000006,1,1.5265012831538503,-0.4462211584513792,7.5,-22.5,10.0,230,0.9911746369350514,0.018228338250635828,0.5845880000015313,22.848453954526118,0.0,0.0,14.640181397746407,12.508313594662386,13.152014318999392
78,A14F12,3.0,das,False,True,two_medium,45.4,68.1,1,1.1273977970050277,2.4171970961509035,-27.5,-22.5,15.0,289,0.7627979641986559,0.015163643172607358,0.5924632999995083,37.95253108498034,0.0,0.0,15.083874059172944,13.39869185024169,15.060288159915855
18,A13F14,4.0,das,False,True,two_medium,43.8,65.69999999999999,1,1.4054278037724486,-3.179609745641982,7.5,-7.5,15.0,298,1.1525941653059506,0.05019629089094461,0.6047304999992775,7.470581115614879,0.3077922077922078,0.47070506454816285,14.019092430494291,12.532492340288588,11.255040002452745
260,A14F14,4.0,das,False,True,two_medium,45.4,68.1,1,2.979486840587705,-1.1273338267745021,-7.5,-37.5,5.0,367,0.5110091983900074,0.024428480165064725,0.5925491999987571,37.85221907617773,0.0,0.0,15.3401408976261,13.192273582271103,13.478197463042003
171,A1F1,,das,False,True,two_medium,22.9,34.349999999999994,1,2.215390822721404,2.5608820039599545,-7.5,-15.0,5.0,174,1.1825573211998355,0.17517034323673666,0.5735191000021587,20.0692151215543,0.0,0.0,12.077984002246218,10.209872956918682,8.671670519458107
213,A14F13,3.0,das,False,True,two_medium,45.4,68.1,1,2.3102026271118627,2.0565371825334946,7.5,-52.5,10.0,202,1.0153627456402212,0.02425737114802448,0.6166416000014578,54.802826077865696,0.0,0.0,14.993104289909967,13.773292639337013,14.865461506101747
471,A3F14,2.0,das,False,True,two_medium,56.9,85.35,1,3.1510778384995466,1.7719316475498514,22.5,-37.5,15.0,50,1.5707963267948966,0.777827280978073,0.6838511000023573,43.77973736949127,0.0,0.0,21.884893312434052,20.884060444924692,44.89810362548414
130,A14F1,1.0,das,False,True,two_medium,45.4,68.1,1,8.18827095928206,-9.223851009423782,-7.5,22.5,5.0,128,1.3130575009289585,0.10922396986809194,0.6918971000013698,35.391023841646216,0.0,0.0,14.550741190359775,13.813791273627949,7.105765625825709
365,A15F5,4.0,das,False,True,two_medium,56.2,84.30000000000001,1,0.049578504431181517,-0.11979837399433999,37.5,-22.5,15.0,65,1.4180800172453927,0.059001453292848116,0.6793840999998793,43.62805857491747,0.0,0.0,21.77714657396257,20.51783206932039,63.31248255214757
494,A3F3,2.0,das,False,True,two_medium,56.9,85.35,1,-0.25373562305493935,-0.4154964926765006,22.5,22.5,10.0,140,1.0995574287564276,0.11584278946118497,0.6051643999999214,32.293226291433754,0.0,0.0,18.891662748285963,17.55019248975737,31.26944782355233
310,A11F3,2.0,das,False,True,two_medium,33.1,49.650000000000006,1,-2.2589546323608674,0.7983347101982823,17.5,-22.5,15.0,200,1.090830782496456,0.6825348774343286,0.5955119999998715,30.548791930813323,0.0,0.0,14.210141587298287,12.457088205834864,9.339347781730991
241,A16F2,1.0,das,False,True,two_medium,57.0,85.5,1,-0.5956614338135688,1.3849337421468828,-22.5,-22.5,15.0,103,1.3468638639739798,0.1314757959506268,0.7359725999995135,32.40817964478828,0.0,0.0,22.235994829051386,20.25181348504716,56.0706799774899
91,A11F1,1.0,das,False,True,two_medium,33.1,49.650000000000006,1,3.238991489694803,4.905721877005644,-7.5,-22.5,10.0,205,0.8834382633551544,0.14872846446788004,0.7103796999981569,29.43466544426016,0.0,0.0,12.451958807135293,11.202559992105233,7.015256611307604
228,A2F13,3.0,das,False,True,two_medium,48.5,72.75,1,0.2146817960284534,0.4102698682067506,-32.5,22.5,10.0,188,1.1164828334118737,0.07920701772535028,0.6025733000024047,39.474125478734166,0.0,0.0,14.046796448089761,13.211040977293436,11.046750892144338
153,A12F1,1.0,das,False,True,two_medium,39.0,58.5,1,-0.10506444151561523,1.5907396142944772,7.5,22.5,15.0,426,0.5931605409104718,0.01009034800069912,0.5782183999981498,22.249363474869106,0.017937219730941704,0.03524229074889868,13.88496911880188,11.535191638674524,10.777999363489732
481,A13F11,2.0,das,False,True,two_medium,43.8,65.69999999999999,1,-0.5225121829952659,1.4082573734170583,-22.5,-22.5,5.0,81,1.3962634015954636,0.1910712530541719,0.731591900002968,32.47483243036279,0.0,0.0,21.404086654968427,19.287249067015523,53.09310466679742
99,A11F1,1.0,das,False,True,two_medium,33.1,49.650000000000006,1,0.9718657898289974,0.9127342358788109,20.0,-7.5,5.0,205,1.2721510992314224,0.3625781617252291,0.7045972000014444,20.804903000105707,0.0,0.0,14.418389915703143,12.555200654222698,8.813878667648815
26,A14F4,2.0,das,False,True,two_medium,45.4,68.1,1,1.2266126604914203,-3.119326290091815,22.5,-22.5,15.0,257,0.927767092183369,0.22509103922110493,0.6740335000031337,28.777899894653366,0.0,0.0,13.99030769404477,12.769034149549846,9.789413458657545
72,A13F4,3.0,das,False,True,two_medium,43.8,65.69999999999999,1,0.39206700225044866,-1.3881781675549547,-30.0,-7.5,10.0,289,0.8337192625229111,0.04201905265643389,0.5756929000017408,31.00051778246345,0.0,0.0,15.746582256188821,13.712945306801206,13.444384458071493
414,A1F3,,das,False,True,two_medium,22.9,34.349999999999994,1,-2.3569877621559936,1.8925037619988396,-7.5,-10.0,10.0,151,1.1859512267301469,0.03221160259603725,0.5904923999987659,12.956937161527401,0.04719101123595506,0.09012875536480687,11.829508641273849,10.249541737315578,8.60169637968021
278,A16F14,3.0,das,False,True,two_medium,57.0,85.5,1,-3.6442808233320663,-0.7114426462872543,37.5,22.5,5.0,161,1.2644910430698917,0.8089478459872665,0.5940991000024951,47.24005624669697,0.0,0.0,18.191247188654188,16.877011252758315,15.939234309661394
277,A16F14,3.0,das,False,True,two_medium,57.0,85.5,1,-0.5350321198959493,-3.199732111964207,22.5,37.5,10.0,195,1.265724312913243,0.5787878894207171,0.5934529000005568,46.766236739236234,0.0,0.0,18.146463294226997,16.612697352331367,17.635856257617938
340,A11F11,3.0,das,False,True,two_medium,33.1,49.650000000000006,1,-2.021741222233676,-0.03071765054976771,-7.5,-22.5,15.0,243,1.0094638212526543,0.011856574182643896,0.5630213000004005,23.127472160517016,0.0,0.0,13.51059281967235,11.718605727901563,9.994610458425548
374,A15F5,4.0,das,False,True,two_medium,56.2,84.30000000000001,1,-1.5567339147455033,-0.27345587203975924,17.5,22.5,5.0,306,0.8076684326809298,0.009090377606230262,0.6118485999977565,29.694938960253033,0.0,0.0,14.514521914406476,13.412571286108312,15.550920850263298
283,A16F14,3.0,das,False,True,two_medium,57.0,85.5,1,-0.3098453059880075,0.974810264255371,-2.5,-10.0,10.0,362,0.6765357171918531,0.06414159230171981,0.6074378000012075,11.191212531272374,0.08709677419354839,0.16023738872403562,14.728132775253961,13.42083796235855,11.83580859065757
362,A15F5,4.0,das,False,True,two_medium,56.2,84.30000000000001,1,-0.445732658430105,0.27586506117440956,7.5,-37.5,10.0,116,1.3385665668187916,0.02213342752914289,0.599767100000463,38.6024694624489,0.0,0.0,17.855564030139682,16.9179924401492,34.68431568971379
388,A3F5,4.0,das,False,True,two_medium,56.9,85.35,1,-1.7328316817748188,1.4873947385084838,-22.5,-10.0,10.0,194,1.2592334190008674,0.2263707426695028,0.5875760999988415,23.732583463159003,0.0,0.0,15.758813085952198,14.82318803803379,18.759648221679154
473,A3F14,2.0,das,False,True,two_medium,56.9,85.35,1,1.6398771684586397,1.843088822643625,22.5,-37.5,5.0,98,1.3683381335635543,0.669350193633753,0.6019153000015649,44.53115047529559,0.0,0.0,20.11020684210131,18.85064335093541,29.486393174292576
299,A11F3,2.0,das,False,True,two_medium,33.1,49.650000000000006,1,2.7288379966181995,2.7787414430793484,7.5,-37.5,15.0,115,1.3270271998634573,0.8990029660163006,0.5857227000014973,40.56033775871389,0.0,0.0,14.139293532567587,13.063356907162124,9.399792524989822
60,A12F11,2.0,das,False,True,two_medium,39.0,58.5,1,-0.5245135951690598,0.8096168293174553,7.5,7.5,5.0,146,1.3401680859725633,0.07117308093824484,0.5796573999978136,10.447681341312306,0.017937219730941704,0.03524229074889868,18.227888085652115,15.957388487814477,29.719429570904758
378,A3F5,4.0,das,False,True,two_medium,56.9,85.35,1,0.41518391563480955,-0.5725686490352447,-22.5,-37.5,5.0,245,1.183683506542867,0.025067595531216017,0.5903845000029833,43.45964611070346,0.0,0.0,15.676197917570606,14.544375150885479,17.536509516661678
245,A16F2,1.0,das,False,True,two_medium,57.0,85.5,1,-0.7924654560244524,-0.3815469340062925,-22.5,-37.5,15.0,122,1.3262086634531307,0.017424849669944495,0.6389591000006476,42.999960627775806,0.0,0.0,20.002316068272282,18.514805509266694,37.82931223044277
336,A13F3,2.0,das,False,True,two_medium,43.8,65.69999999999999,1,-1.067387972780348,2.14893705720342,7.5,37.5,5.0,228,1.0595904216249596,0.02842766292730586,0.627484499997081,36.37441116859085,0.0,0.0,15.681197288593394,14.026002621029294,13.5568491241454
309,A11F3,2.0,das,False,True,two_medium,33.1,49.650000000000006,1,-1.9239544304839047,0.8581412803144439,-7.5,-7.5,5.0,184,1.1418331817491791,0.6164265210541161,0.6065908999989915,10.047428021887812,0.015444015444015444,0.030418250950570342,14.033658121765333,12.454354801018859,8.84807827525547
230,A2F13,3.0,das,False,True,two_medium,48.5,72.75,1,-0.4953268879307745,-1.9218372835478683,15.0,7.5,15.0,206,1.0354689386231957,0.05292386038865312,0.5608040999977675,18.13494342868163,0.038680318543799774,0.07447973713033954,14.1130814967915,13.192040825162046,12.252269715107818
129,A14F1,1.0,das,False,True,two_medium,45.4,68.1,1,8.217305741797993,-9.176725432785073,7.5,-22.5,10.0,131,1.343832286106981,0.124552873747449,0.6025503999990178,13.342569944377749,0.044186046511627906,0.08463251670378619,14.259336916919219,13.553265347377696,6.5437179313880804
154,A12F1,1.0,das,False,True,two_medium,39.0,58.5,1,-3.633231122481686,-4.705846062300517,22.5,7.5,10.0,278,0.8019860033957414,0.1394463646170932,0.7210390000000189,28.84316985002901,0.0,0.0,14.480854099181549,12.604901729529075,10.53327723368328
356,A16F5,4.0,das,False,True,two_medium,57.0,85.5,1,0.38356803471717277,-1.4139712672577613,17.5,2.5,10.0,258,0.9637703978908045,0.018268077706836625,0.7510021000016422,17.558229247366462,0.008771929824561403,0.017391304347826087,15.003194151058432,13.974530013160306,15.09860908929545
482,A15F11,2.0,das,False,True,two_medium,56.2,84.30000000000001,1,-1.8070375242090035,0.6800595269817462,-22.5,22.5,15.0,187,1.1105440949362786,0.5589847530137037,0.5534855000005336,30.071722569060693,0.0,0.0,18.2056572651705,16.677900877582864,17.611336644688855
419,A1F3,,das,False,True,two_medium,22.9,34.349999999999994,1,-1.3184340567845774,0.7704343168110851,-2.5,-30.0,5.0,198,1.28519699465037,0.05444965753644748,0.5712663000012981,30.79311166678924,0.0,0.0,8.3739398496617,7.448573574130391,3.6167077766117193
63,A13F12,3.0,das,False,True,two_medium,43.8,65.69999999999999,1,0.5903457774233823,0.055668381924378486,-7.5,37.5,10.0,131,1.2702118445069843,0.03887026106746368,0.601921699999366,38.30837591340424,0.0,0.0,17.340136625262403,15.897514339564617,27.28187048733215
353,A16F5,4.0,das,False,True,two_medium,57.0,85.5,1,-2.1097254527894305,-0.4073107255896692,22.5,-52.5,10.0,52,1.4817489159788595,0.7421714806884263,0.6035799000019324,57.613252491956544,0.0,0.0,23.899713683326457,22.347326112310174,76.22147029003446
339,A11F11,3.0,das,False,True,two_medium,33.1,49.650000000000006,1,1.3571425883603887,3.5873173924382478,12.5,-22.5,15.0,254,0.8303481103140556,0.03066180703946183,0.5930480000024545,28.367435556108045,0.0,0.0,12.394688471405551,10.91089672035798,6.5793672199787565
446,A12F13,4.0,das,False,True,two_medium,39.0,58.5,1,0.6797244400761224,-0.3547467302315527,-22.5,-22.5,10.0,103,1.3468638639739798,0.09942566625386304,0.6108476999979757,32.05794546598475,0.0,0.0,19.20673616052409,17.14161202796969,36.91939509976655
88,A13F2,2.0,das,False,True,two_medium,43.8,65.69999999999999,1,8.932232584161627,-8.876586726305202,22.5,-22.5,5.0,116,1.3385665668187916,0.0824902570476661,0.6291708999997354,19.227108515743314,0.0,0.0,14.42720751646019,13.726116711952772,6.65654732905273
475,A3F11,2.0,das,False,True,two_medium,56.9,85.35,1,0.25315409794287264,0.2468695660321648,22.5,22.5,10.0,141,1.3671745807288913,0.2736016063753564,0.6364293999977235,31.46623534363559,0.0,0.0,19.06079829102079,17.664667288528015,22.37392276965826
502,A14F2,2.0,das,False,True,two_medium,45.4,68.1,1,-1.0975675473720419,0.03408685330552985,7.5,22.5,10.0,441,0.4497824398127096,0.02528454397431624,0.6626877000016975,24.054841950144763,0.0,0.0,14.732294515670523,12.517232797925683,12.577698180418325
207,A12F2,2.0,das,False,True,two_medium,39.0,58.5,1,4.9457252948279855,4.6964589898728075,7.5,-37.5,10.0,290,0.8625437818140024,0.3525230475102417,0.7188477999989118,42.273697147913374,0.0,0.0,13.113443319560066,11.634421487709535,7.809299631011447
203,A3F1,,das,False,True,two_medium,56.9,85.35,1,-0.9450173911211199,1.4920768956132764,-22.5,22.5,10.0,357,0.7009678608322225,0.020408874149323773,0.94420270000046,30.099005106961535,0.0,0.0,16.808404827626255,14.858739240058023,14.68050531628199
395,A2F5,4.0,das,False,True,two_medium,48.5,72.75,1,-1.650863565567133,1.3731852290559725,22.5,-22.5,10.0,193,1.1976837178129978,0.03199808741950385,0.9079213000004529,33.95869820743213,0.0,0.0,12.18990005142388,11.624854883944145,10.480287949257912
10,A13F14,4.0,das,False,True,two_medium,43.8,65.69999999999999,1,1.431109206652965,-0.22076885357185727,-22.5,-22.5,10.0,379,0.7259037437649941,0.02191474063152923,0.8945485000003828,32.69651553815366,0.0,0.0,13.495067901430616,11.858408674427297,10.762068919012007
420,A1F4,,das,False,True,two_medium,22.9,34.349999999999994,1,-1.4881851688516283,1.1874790622831128,-7.5,17.5,15.0,258,1.07177640281146,0.0902828762339218,0.52009309999994,17.385058438425432,0.10309278350515463,0.18691588785046728,9.493675016205053,7.983242144138324,4.554452958833553
83,A14F12,3.0,das,False,True,two_medium,45.4,68.1,1,1.574773844334768,1.638163053733586,20.0,20.0,10.0,276,0.7500688342480821,0.033977859236481944,0.5845580000022892,26.012420397354116,0.0,0.0,15.261869846064515,13.581927254668926,16.91872522988164
389,A3F5,4.0,das,False,True,two_medium,56.9,85.35,1,-2.6048903860402706,-2.1797697158300764,-30.0,12.5,10.0,63,1.4965620958499581,0.7549496152921875,0.6038410000001022,31.080342174285512,0.0,0.0,19.756832103218457,18.967816195307933,43.60722887542183
313,A11F12,4.0,das,False,True,two_medium,33.1,49.650000000000006,1,0.16264141073887656,1.4077779472678102,7.5,-37.5,15.0,61,1.4490521880451976,0.17876325410930988,0.5851308000019344,39.59358553934341,0.0,0.0,22.674569238074046,19.45028598883664,62.05755770401425
218,A14F13,3.0,das,False,True,two_medium,45.4,68.1,1,2.6741461596413942,-1.7789997295755535,22.5,20.0,5.0,173,1.0735714154489564,0.0449717108493287,0.5719091999999364,29.45147381235978,0.0,0.0,15.784492192482396,14.529492952536442,15.439497560023044
333,A13F3,2.0,das,False,True,two_medium,43.8,65.69999999999999,1,0.31966745276104847,0.9800025182469914,-7.5,-37.5,10.0,238,0.9536977698397586,0.023877510432571837,0.5853758999983256,39.26649707926676,0.0,0.0,15.646201866762105,13.942762413686383,14.445410423565324
329,A12F3,2.0,das,False,True,two_medium,39.0,58.5,1,0.060221401213580904,-0.28626274393995527,-7.5,-27.5,15.0,299,0.8125745704354222,0.16382218114385963,0.5918074999972305,28.244370112948854,0.0,0.0,14.94409026085001,12.772150236796552,13.81481896633127
411,A1F3,,das,False,True,two_medium,22.9,34.349999999999994,1,21.414228782554872,-18.70199916105375,-10.0,-25.0,5.0,215,0.8615336996451601,0.069985785367905,0.5960912999980792,32.03932871597136,0.0,0.0,5.9025232168288655,5.383572550714342,1.4694481053818669
403,A1F3,,das,False,True,two_medium,22.9,34.349999999999994,1,22.093263492817858,-18.040025862664066,-22.5,-7.5,10.0,225,0.969627362219072,0.06939725128431626,0.5738684999996622,45.82195209859036,0.0,0.0,5.196704826731031,4.759089492849264,1.3125147859260675
